0,0
1,-0.0010882
2,-0.00085553
3,-0.0034752
4,-0.011885
5,-0.0090752
6,-0.013292
7,-0.0188
8,-0.02688
9,-0.028509
10,-0.014941
11,0.0017196
12,0.014677
13,0.029336
14,0.044434
15,0.062182
16,0.070868
17,0.084155
18,0.094751
19,0.10308
20,0.10509
21,0.11437
22,0.11619
23,0.11746
24,0.12398
25,0.13664
26,0.13359
27,0.1276
28,0.11501
29,0.10651
30,0.11449
31,0.12455
32,0.11703
33,0.1067
34,0.097242
35,0.093767
36,0.10297
37,0.10703
38,0.10021
39,0.096154
40,0.1018
41,0.11022
42,0.11087
43,0.10898
44,0.099298
45,0.10524
46,0.096165
47,0.091559
48,0.10135
49,0.10865
50,0.10398
51,0.092582
52,0.09047
53,0.087752
54,0.086993
55,0.082757
56,0.095417
57,0.097308
58,0.10091
59,0.12064
60,0.1358
61,0.12973
62,0.1298
63,0.14151
64,0.15083
65,0.15498
66,0.15241
67,0.16154
68,0.16907
69,0.18323
70,0.18409
71,0.17543
72,0.18631
73,0.19992
74,0.19849
75,0.18879
76,0.17774
77,0.1676
78,0.15762
79,0.15552
80,0.14949
81,0.14924
82,0.14703
83,0.14121
84,0.14215
85,0.1456
86,0.14643
87,0.14639
88,0.14075
89,0.14998
90,0.16075
91,0.15395
92,0.143
93,0.12929
94,0.13339
95,0.1331
96,0.13156
97,0.13682
98,0.14664
99,0.14353
100,0.14931
101,0.1586
102,0.15051
103,0.14641
104,0.14541
105,0.14382
106,0.14184
107,0.13849
108,0.13348
109,0.12718
110,0.12485
111,0.11812
112,0.12154
113,0.12382
114,0.12366
115,0.11811
116,0.1109
117,0.10707
118,0.11213
119,0.11456
120,0.11721
121,0.12418
122,0.12225
123,0.12617
124,0.12332
125,0.13156
126,0.13199
127,0.12893
128,0.12095
129,0.11043
130,0.10508
131,0.094921
132,0.088533
133,0.090743
134,0.093939
135,0.095575
136,0.10138
137,0.097447
138,0.10407
139,0.10642
140,0.090226
141,0.087486
142,0.086369
143,0.083674
144,0.079523
145,0.080954
146,0.083127
147,0.085195
148,0.090123
149,0.098758
150,0.10202
151,0.10189
152,0.10041
153,0.09483
154,0.094963
155,0.091592
156,0.09759
157,0.10311
158,0.10311
159,0.10669
160,0.10121
161,0.10568
162,0.098406
163,0.090061
164,0.083052
165,0.070265
166,0.065084
167,0.062425
168,0.056696
169,0.058295
170,0.052141
171,0.03687
172,0.029805
173,0.024618
174,0.021374
175,0.011053
176,0.0087801
177,0.0072623
178,-0.0022403
179,-0.018968
180,-0.025389
181,-0.02866
182,-0.036953
183,-0.041397
184,-0.031725
185,-0.028854
186,-0.025441
187,-0.0228
188,-0.02757
189,-0.034503
190,-0.022358
191,-0.0093613
192,0.00079927
193,0.011569
194,0.012521
195,0.0058218
196,-0.0071405
197,-0.0092377
198,-0.0039324
199,0.0043711
200,0.018487
201,0.032436
202,0.031903
203,0.030134
204,0.036955
205,0.054503
206,0.070149
207,0.087017
208,0.087263
209,0.087175
210,0.099108
211,0.10421
212,0.10762
213,0.10489
214,0.11263
215,0.11494
216,0.11675
217,0.12644
218,0.13524
219,0.12833
220,0.11524
221,0.11207
222,0.10541
223,0.092885
224,0.08135
225,0.066162
226,0.066196
227,0.073267
228,0.06326
229,0.054494
230,0.046076
231,0.034157
232,0.023003
233,0.019076
234,0.0098153
235,-0.011954
236,-0.027213
237,-0.04538
238,-0.05107
239,-0.058009
240,-0.065486
241,-0.071339
242,-0.083852
243,-0.082609
244,-0.078461
245,-0.087778
246,-0.096932
247,-0.10265
248,-0.10971
249,-0.10866
250,-0.11646
251,-0.12838
252,-0.14354
253,-0.14682
254,-0.15815
255,-0.16929
256,-0.17352
257,-0.16852
258,-0.16562
259,-0.16838
260,-0.18364
261,-0.19114
262,-0.2099
263,-0.23229
264,-0.24079
265,-0.25318
266,-0.2511
267,-0.24989
268,-0.25887
269,-0.2596
270,-0.26436
271,-0.26057
272,-0.25981
273,-0.26771
274,-0.26505
275,-0.26654
276,-0.26035
277,-0.25402
278,-0.24525
279,-0.23365
280,-0.22261
281,-0.20475
282,-0.20155
283,-0.19501
284,-0.19673
285,-0.20115
286,-0.20658
287,-0.22514
288,-0.23229
289,-0.23799
290,-0.24345
291,-0.24694
292,-0.24136
293,-0.23169
294,-0.2336
295,-0.2354
296,-0.24748
297,-0.25804
298,-0.25691
299,-0.25406
300,-0.24851
301,-0.25146
302,-0.25968
303,-0.25999
304,-0.25131
305,-0.25205
306,-0.2472
307,-0.24687
308,-0.24029
309,-0.2317
310,-0.22798
311,-0.22148
312,-0.22271
313,-0.22038
314,-0.21365
315,-0.20108
316,-0.17743
317,-0.17362
318,-0.17185
319,-0.17476
320,-0.17826
321,-0.1746
322,-0.16476
323,-0.15657
324,-0.16071
325,-0.15259
326,-0.15526
327,-0.154
328,-0.15576
329,-0.15342
330,-0.1542
331,-0.16195
332,-0.16589
333,-0.18007
334,-0.18729
335,-0.18467
336,-0.17764
337,-0.18207
338,-0.18332
339,-0.19122
340,-0.19975
341,-0.20491
342,-0.20598
343,-0.21637
344,-0.21929
345,-0.22465
346,-0.23013
347,-0.23947
348,-0.25199
349,-0.25821
350,-0.27256
351,-0.28053
352,-0.28207
353,-0.28327
354,-0.27858
355,-0.2733
356,-0.27331
357,-0.28447
358,-0.28679
359,-0.29496
360,-0.29889
361,-0.30954
362,-0.31652
363,-0.32387
364,-0.32815
365,-0.32489
366,-0.32709
367,-0.32308
368,-0.32408
369,-0.31903
370,-0.30193
371,-0.29998
372,-0.29521
373,-0.29516
374,-0.29862
375,-0.29586
376,-0.30198
377,-0.30509
378,-0.30887
379,-0.29923
380,-0.299
381,-0.30726
382,-0.31106
383,-0.32705
384,-0.32212
385,-0.31749
386,-0.3127
387,-0.30799
388,-0.31669
389,-0.32605
390,-0.32611
391,-0.32515
392,-0.33567
393,-0.33237
394,-0.33482
395,-0.32926
396,-0.33089
397,-0.34604
398,-0.34929
399,-0.34504
400,-0.34684
401,-0.3454
402,-0.34463
403,-0.34666
404,-0.34471
405,-0.34944
406,-0.34577
407,-0.34577
408,-0.34933
409,-0.35847
410,-0.36963
411,-0.38087
412,-0.38943
413,-0.3822
414,-0.36355
415,-0.35605
416,-0.34943
417,-0.34547
418,-0.33849
419,-0.32964
420,-0.32266
421,-0.31934
422,-0.31485
423,-0.30956
424,-0.30681
425,-0.29963
426,-0.30282
427,-0.30008
428,-0.30016
429,-0.30484
430,-0.3041
431,-0.31146
432,-0.30769
433,-0.30504
434,-0.30415
435,-0.3012
436,-0.28696
437,-0.28754
438,-0.29161
439,-0.29946
440,-0.29708
441,-0.29756
442,-0.29483
443,-0.2779
444,-0.27428
445,-0.27048
446,-0.27702
447,-0.27162
448,-0.26927
449,-0.26647
450,-0.2713
451,-0.25951
452,-0.24105
453,-0.22543
454,-0.21571
455,-0.21309
456,-0.2124
457,-0.20531
458,-0.19954
459,-0.19001
460,-0.17168
461,-0.16217
462,-0.15233
463,-0.13385
464,-0.12555
465,-0.11498
466,-0.10066
467,-0.079373
468,-0.079045
469,-0.087051
470,-0.07854
471,-0.066781
472,-0.064651
473,-0.058561
474,-0.048877
475,-0.04339
476,-0.037158
477,-0.029372
478,-0.021513
479,-0.021998
480,-0.02427
481,-0.016886
482,-0.012687
483,-0.01059
484,-0.0088678
485,-0.0090432
486,-0.0069423
487,-0.0054677
488,-0.00078822
489,0.0056003
490,0.0031711
491,0.0019459
492,0.0064284
493,0.012868
494,0.016371
495,0.029508
496,0.039324
497,0.050878
498,0.059326
499,0.061805
500,0.064255
501,0.090651
502,0.10506
503,0.11845
504,0.12722
505,0.12882
506,0.11887
507,0.1177
508,0.12186
509,0.12737
510,0.12223
511,0.12451
512,0.12706
513,0.12967
514,0.1308
515,0.13406
516,0.13337
517,0.12906
518,0.11853
519,0.11653
520,0.10941
521,0.10185
522,0.087476
523,0.072535
524,0.067884
525,0.067621
526,0.065855
527,0.069063
528,0.065764
529,0.068016
530,0.066944
531,0.067319
532,0.07794
533,0.084924
534,0.088763
535,0.094046
536,0.10196
537,0.12166
538,0.13511
539,0.14233
540,0.14973
541,0.16063
542,0.17479
543,0.19027
544,0.21142
545,0.22446
546,0.23114
547,0.24262
548,0.25328
549,0.26237
550,0.2574
551,0.25727
552,0.25182
553,0.23997
554,0.21688
555,0.19663
556,0.18073
557,0.16982
558,0.16043
559,0.14811
560,0.14963
561,0.14136
562,0.13968
563,0.13688
564,0.13329
565,0.13278
566,0.1329
567,0.13034
568,0.12659
569,0.11762
570,0.11004
571,0.1037
572,0.093443
573,0.089965
574,0.093192
575,0.09128
576,0.094568
577,0.099058
578,0.093705
579,0.095801
580,0.099637
581,0.1055
582,0.10196
583,0.089898
584,0.091448
585,0.094853
586,0.096138
587,0.089208
588,0.078446
589,0.063473
590,0.062716
591,0.053166
592,0.037809
593,0.034745
594,0.031869
595,0.031058
596,0.031394
597,0.022031
598,0.015077
599,0.0095901
600,0.014233
601,0.011394
602,0.019866
603,0.034761
604,0.042281
605,0.04386
606,0.038559
607,0.047831
608,0.061937
609,0.067332
610,0.068009
611,0.058362
612,0.055313
613,0.066061
614,0.071812
615,0.077519
616,0.086513
617,0.099783
618,0.11427
619,0.11385
620,0.11662
621,0.11975
622,0.11586
623,0.11937
624,0.12658
625,0.13721
626,0.15255
627,0.15069
628,0.15176
629,0.16584
630,0.164
631,0.16554
632,0.17007
633,0.16972
634,0.1765
635,0.18712
636,0.19364
637,0.19975
638,0.18579
639,0.16086
640,0.15276
641,0.15164
642,0.14389
643,0.143
644,0.14693
645,0.1496
646,0.15375
647,0.15181
648,0.14005
649,0.13501
650,0.14173
651,0.13964
652,0.13946
653,0.13633
654,0.12855
655,0.12679
656,0.13214
657,0.13474
658,0.13816
659,0.13409
660,0.13745
661,0.1307
662,0.12465
663,0.12148
664,0.12167
665,0.12301
666,0.13217
667,0.13753
668,0.13507
669,0.12682
670,0.11862
671,0.10132
672,0.091009
673,0.086987
674,0.086888
675,0.086552
676,0.084423
677,0.084862
678,0.082989
679,0.082178
680,0.084049
681,0.079709
682,0.071929
683,0.067184
684,0.065048
685,0.064365
686,0.061993
687,0.067078
688,0.080932
689,0.079668
690,0.071222
691,0.060797
692,0.043876
693,0.033055
694,0.012898
695,-0.00091586
696,-0.0051923
697,-0.0082834
698,-0.010144
699,-0.01123
700,-0.024862
701,-0.026864
702,-0.029038
703,-0.028002
704,-0.0347
705,-0.04266
706,-0.052625
707,-0.060408
708,-0.082717
709,-0.1024
710,-0.11641
711,-0.12699
712,-0.12978
713,-0.13366
714,-0.13162
715,-0.127
716,-0.12612
717,-0.11806
718,-0.11743
719,-0.11905
720,-0.11104
721,-0.11795
722,-0.12429
723,-0.12919
724,-0.13598
725,-0.1353
726,-0.12692
727,-0.12622
728,-0.1285
729,-0.13462
730,-0.1391
731,-0.13447
732,-0.12569
733,-0.12114
734,-0.10552
735,-0.094147
736,-0.091149
737,-0.091695
738,-0.092657
739,-0.089675
740,-0.089198
741,-0.081764
742,-0.070677
743,-0.062049
744,-0.044652
745,-0.035414
746,-0.035908
747,-0.032632
748,-0.021577
749,-0.029208
750,-0.03542
751,-0.029312
752,-0.019394
753,-0.010358
754,0.0030316
755,0.012407
756,0.017335
757,0.016003
758,0.020831
759,0.030619
760,0.038158
761,0.048081
762,0.055213
763,0.057628
764,0.050674
765,0.045967
766,0.039936
767,0.026309
768,0.0095322
769,0.005432
770,0.0096389
771,0.014715
772,0.012037
773,0.0073729
774,0.0036448
775,-0.0014155
776,-0.010401
777,-0.0049409
778,-0.015648
779,-0.020727
780,-0.015199
781,-0.006054
782,0.0023049
783,0.014582
784,0.027227
785,0.039876
786,0.047765
787,0.049552
788,0.056544
789,0.046972
790,0.048521
791,0.048469
792,0.051596
793,0.04851
794,0.053212
795,0.060595
796,0.066524
797,0.068346
798,0.075167
799,0.086292
800,0.088252
801,0.094464
802,0.10101
803,0.10335
804,0.10696
805,0.11392
806,0.11426
807,0.11862
808,0.13333
809,0.1351
810,0.13483
811,0.14414
812,0.15294
813,0.15671
814,0.16886
815,0.18192
816,0.1941
817,0.1942
818,0.20398
819,0.21119
820,0.23061
821,0.23566
822,0.23495
823,0.23879
824,0.23338
825,0.22898
826,0.22779
827,0.22726
828,0.22865
829,0.23375
830,0.23174
831,0.23698
832,0.24334
833,0.24275
834,0.2479
835,0.2494
836,0.25507
837,0.25771
838,0.26319
839,0.2885
840,0.30354
841,0.31154
842,0.32732
843,0.33472
844,0.33859
845,0.34185
846,0.35693
847,0.37347
848,0.39282
849,0.4061
850,0.42236
851,0.42925
852,0.42357
853,0.42012
854,0.42989
855,0.44133
856,0.44226
857,0.43161
858,0.43314
859,0.4328
860,0.43729
861,0.44334
862,0.45105
863,0.45377
864,0.46368
865,0.47434
866,0.47514
867,0.48124
868,0.47437
869,0.46047
870,0.44823
871,0.43604
872,0.4259
873,0.41312
874,0.40591
875,0.40496
876,0.40729
877,0.40339
878,0.40636
879,0.40071
880,0.39314
881,0.39053
882,0.39595
883,0.39962
884,0.39347
885,0.38763
886,0.38479
887,0.38435
888,0.3817
889,0.39103
890,0.39392
891,0.38973
892,0.38849
893,0.38729
894,0.38364
895,0.38091
896,0.36973
897,0.36283
898,0.36083
899,0.3476
900,0.33324
901,0.31394
902,0.30015
903,0.28582
904,0.28563
905,0.27916
906,0.27536
907,0.27347
908,0.27745
909,0.28139
910,0.28552
911,0.28449
912,0.281
913,0.27633
914,0.28309
915,0.29008
916,0.29392
917,0.30306
918,0.30697
919,0.30659
920,0.30995
921,0.30499
922,0.309
923,0.31458
924,0.31523
925,0.30231
926,0.29372
927,0.295
928,0.28773
929,0.28255
930,0.2833
931,0.2869
932,0.28732
933,0.28303
934,0.28431
935,0.29342
936,0.28526
937,0.26946
938,0.26358
939,0.25335
940,0.23546
941,0.22106
942,0.21067
943,0.2006
944,0.207
945,0.20318
946,0.20373
947,0.20525
948,0.20594
949,0.19185
950,0.18659
951,0.19563
952,0.19963
953,0.20477
954,0.19619
955,0.18916
956,0.18799
957,0.18143
958,0.18288
959,0.18249
960,0.17728
961,0.17757
962,0.17023
963,0.1522
964,0.14196
965,0.14673
966,0.15167
967,0.15632
968,0.16039
969,0.17913
970,0.19938
971,0.21467
972,0.22526
973,0.22378
974,0.21093
975,0.21272
976,0.21199
977,0.20888
978,0.21411
979,0.22059
980,0.21249
981,0.2021
982,0.1934
983,0.17362
984,0.16204
985,0.15496
986,0.15665
987,0.16239
988,0.15461
989,0.14854
990,0.1457
991,0.14373
992,0.14446
993,0.13632
994,0.12578
995,0.11495
996,0.11247
997,0.099119
998,0.093887
999,0.092211
1000,0.08192
1001,0.06857
1002,0.063
1003,0.061353
1004,0.055208
1005,0.049314
1006,0.041359
1007,0.04493
1008,0.041856
1009,0.04409
1010,0.046943
1011,0.045167
1012,0.033566
1013,0.015269
1014,0.013277
1015,0.014312
1016,0.016338
1017,0.011971
1018,0.0081127
1019,0.0030761
1020,0.00052227
1021,-0.0042508
1022,-0.010634
1023,-0.012101
1024,-0.0098899
1025,-0.021844
1026,-0.025092
1027,-0.024736
1028,-0.02623
1029,-0.03702
1030,-0.044838
1031,-0.050977
1032,-0.049526
1033,-0.041722
1034,-0.044735
1035,-0.049846
1036,-0.057499
1037,-0.056861
1038,-0.060547
1039,-0.074206
1040,-0.088389
1041,-0.10397
1042,-0.1196
1043,-0.12551
1044,-0.13553
1045,-0.15223
1046,-0.16046
1047,-0.1711
1048,-0.1845
1049,-0.18582
1050,-0.19619
1051,-0.21623
1052,-0.21869
1053,-0.22832
1054,-0.23362
1055,-0.23213
1056,-0.22572
1057,-0.22362
1058,-0.21979
1059,-0.22611
1060,-0.22876
1061,-0.23502
1062,-0.23586
1063,-0.22979
1064,-0.22328
1065,-0.22422
1066,-0.22238
1067,-0.226
1068,-0.22814
1069,-0.23476
1070,-0.23768
1071,-0.23295
1072,-0.22773
1073,-0.214
1074,-0.21545
1075,-0.22339
1076,-0.21981
1077,-0.22168
1078,-0.22012
1079,-0.2185
1080,-0.22546
1081,-0.22342
1082,-0.21567
1083,-0.21845
1084,-0.22393
1085,-0.22289
1086,-0.22391
1087,-0.22633
1088,-0.22856
1089,-0.23644
1090,-0.23717
1091,-0.24127
1092,-0.251
1093,-0.25637
1094,-0.26418
1095,-0.27639
1096,-0.28678
1097,-0.28643
1098,-0.2891
1099,-0.29732
1100,-0.31209
1101,-0.31086
1102,-0.32446
1103,-0.33022
1104,-0.34543
1105,-0.35769
1106,-0.35295
1107,-0.36093
1108,-0.36115
1109,-0.36391
1110,-0.36687
1111,-0.35721
1112,-0.35628
1113,-0.348
1114,-0.34527
1115,-0.34817
1116,-0.3575
1117,-0.36498
1118,-0.35863
1119,-0.35402
1120,-0.35062
1121,-0.3527
1122,-0.35864
1123,-0.3624
1124,-0.36277
1125,-0.35333
1126,-0.35399
1127,-0.35712
1128,-0.35403
1129,-0.35323
1130,-0.36311
1131,-0.35977
1132,-0.35923
1133,-0.3538
1134,-0.3437
1135,-0.35346
1136,-0.34765
1137,-0.34353
1138,-0.34904
1139,-0.3559
1140,-0.35823
1141,-0.36448
1142,-0.36369
1143,-0.36379
1144,-0.36118
1145,-0.36014
1146,-0.36496
1147,-0.36793
1148,-0.35864
1149,-0.35002
1150,-0.35813
1151,-0.36778
1152,-0.36297
1153,-0.35994
1154,-0.35733
1155,-0.34851
1156,-0.33326
1157,-0.32677
1158,-0.31517
1159,-0.30712
1160,-0.28004
1161,-0.26748
1162,-0.26137
1163,-0.25153
1164,-0.2451
1165,-0.22232
1166,-0.20547
1167,-0.20117
1168,-0.1962
1169,-0.19059
1170,-0.20046
1171,-0.19845
1172,-0.20148
1173,-0.2133
1174,-0.23633
1175,-0.25225
1176,-0.26245
1177,-0.26104
1178,-0.25243
1179,-0.24057
1180,-0.23628
1181,-0.2425
1182,-0.25341
1183,-0.2509
1184,-0.24954
1185,-0.24694
1186,-0.24933
1187,-0.24453
1188,-0.24277
1189,-0.24678
1190,-0.24056
1191,-0.23589
1192,-0.23405
1193,-0.22402
1194,-0.22038
1195,-0.22571
1196,-0.23286
1197,-0.23751
1198,-0.24221
1199,-0.25273
1200,-0.26539
1201,-0.27662
1202,-0.28012
1203,-0.27556
1204,-0.27162
1205,-0.26671
1206,-0.26368
1207,-0.25991
1208,-0.25293
1209,-0.24311
1210,-0.22949
1211,-0.23233
1212,-0.23477
1213,-0.23187
1214,-0.2259
1215,-0.21978
1216,-0.21047
1217,-0.20045
1218,-0.19437
1219,-0.1964
1220,-0.1973
1221,-0.1789
1222,-0.18507
1223,-0.18492
1224,-0.17112
1225,-0.16662
1226,-0.16491
1227,-0.15224
1228,-0.1479
1229,-0.14877
1230,-0.14963
1231,-0.14954
1232,-0.15366
1233,-0.16639
1234,-0.17914
1235,-0.1827
1236,-0.18921
1237,-0.19893
1238,-0.21115
1239,-0.20469
1240,-0.19525
1241,-0.19051
1242,-0.18335
1243,-0.19014
1244,-0.19181
1245,-0.19748
1246,-0.19661
1247,-0.19242
1248,-0.18313
1249,-0.18065
1250,-0.18861
1251,-0.18948
1252,-0.18885
1253,-0.18142
1254,-0.1723
1255,-0.16418
1256,-0.15669
1257,-0.16247
1258,-0.16958
1259,-0.17283
1260,-0.17132
1261,-0.17143
1262,-0.16651
1263,-0.15032
1264,-0.15655
1265,-0.16415
1266,-0.17424
1267,-0.171
1268,-0.16805
1269,-0.16012
1270,-0.17272
1271,-0.1817
1272,-0.18075
1273,-0.17538
1274,-0.17853
1275,-0.17586
1276,-0.17697
1277,-0.17133
1278,-0.15729
1279,-0.16336
1280,-0.16773
1281,-0.17034
1282,-0.18032
1283,-0.18899
1284,-0.18403
1285,-0.19572
1286,-0.20657
1287,-0.20907
1288,-0.19936
1289,-0.21073
1290,-0.212
1291,-0.2167
1292,-0.21354
1293,-0.22036
1294,-0.21175
1295,-0.19488
1296,-0.19019
1297,-0.19164
1298,-0.20584
1299,-0.21951
1300,-0.23078
1301,-0.23377
1302,-0.2325
1303,-0.22519
1304,-0.21815
1305,-0.20435
1306,-0.19288
1307,-0.17816
1308,-0.16427
1309,-0.14804
1310,-0.14617
1311,-0.14295
1312,-0.14311
1313,-0.13115
1314,-0.12037
1315,-0.11819
1316,-0.12374
1317,-0.12815
1318,-0.13383
1319,-0.14442
1320,-0.15036
1321,-0.15997
1322,-0.16304
1323,-0.16343
1324,-0.16861
1325,-0.18032
1326,-0.18727
1327,-0.19539
1328,-0.206
1329,-0.20627
1330,-0.19724
1331,-0.19523
1332,-0.19733
1333,-0.20786
1334,-0.20684
1335,-0.21161
1336,-0.21382
1337,-0.21838
1338,-0.21551
1339,-0.2124
1340,-0.22111
1341,-0.24031
1342,-0.24048
1343,-0.23151
1344,-0.22274
1345,-0.22694
1346,-0.24562
1347,-0.24414
1348,-0.24338
1349,-0.24112
1350,-0.2505
1351,-0.25155
1352,-0.25543
1353,-0.25708
1354,-0.25883
1355,-0.26723
1356,-0.26109
1357,-0.25127
1358,-0.24579
1359,-0.24086
1360,-0.22969
1361,-0.21661
1362,-0.21455
1363,-0.21345
1364,-0.20981
1365,-0.21205
1366,-0.21066
1367,-0.20653
1368,-0.1968
1369,-0.18924
1370,-0.18015
1371,-0.16765
1372,-0.15933
1373,-0.15121
1374,-0.13619
1375,-0.12997
1376,-0.12758
1377,-0.12766
1378,-0.12707
1379,-0.12166
1380,-0.11641
1381,-0.10996
1382,-0.1113
1383,-0.11659
1384,-0.11313
1385,-0.12243
1386,-0.12638
1387,-0.12615
1388,-0.1159
1389,-0.10267
1390,-0.093765
1391,-0.082167
1392,-0.062178
1393,-0.051814
1394,-0.044353
1395,-0.041602
1396,-0.044424
1397,-0.055051
1398,-0.063368
1399,-0.058698
1400,-0.041748
1401,-0.029474
1402,-0.013869
1403,0.0070295
1404,0.013413
1405,0.018619
1406,0.029319
1407,0.04263
1408,0.04189
1409,0.051456
1410,0.054718
1411,0.056624
1412,0.057392
1413,0.059521
1414,0.062161
1415,0.065046
1416,0.066784
1417,0.079147
1418,0.093956
1419,0.10023
1420,0.10315
1421,0.10113
1422,0.10478
1423,0.10698
1424,0.11397
1425,0.12419
1426,0.12584
1427,0.13218
1428,0.13175
1429,0.13081
1430,0.13073
1431,0.13091
1432,0.13467
1433,0.13912
1434,0.15582
1435,0.17066
1436,0.17155
1437,0.16887
1438,0.15833
1439,0.15572
1440,0.1547
1441,0.15253
1442,0.15318
1443,0.16535
1444,0.17768
1445,0.18529
1446,0.18831
1447,0.19677
1448,0.20038
1449,0.21484
1450,0.22213
1451,0.21902
1452,0.22208
1453,0.22767
1454,0.2186
1455,0.20615
1456,0.19059
1457,0.18737
1458,0.18365
1459,0.18838
1460,0.19063
1461,0.20088
1462,0.21875
1463,0.23755
1464,0.24175
1465,0.24204
1466,0.25436
1467,0.26214
1468,0.2625
1469,0.25829
1470,0.24541
1471,0.24446
1472,0.24292
1473,0.24282
1474,0.25023
1475,0.25716
1476,0.24961
1477,0.24077
1478,0.23887
1479,0.23957
1480,0.23762
1481,0.25473
1482,0.2541
1483,0.24789
1484,0.253
1485,0.26807
1486,0.28441
1487,0.29424
1488,0.29903
1489,0.30229
1490,0.29517
1491,0.29821
1492,0.28383
1493,0.27498
1494,0.27367
1495,0.26694
1496,0.26412
1497,0.25301
1498,0.24114
1499,0.23069
1500,0.22688
1501,0.23497
1502,0.23992
1503,0.23701
1504,0.22841
1505,0.22527
1506,0.23059
1507,0.23522
1508,0.23792
1509,0.23722
1510,0.2405
1511,0.25018
1512,0.26121
1513,0.27037
1514,0.27954
1515,0.27703
1516,0.27685
1517,0.27952
1518,0.27283
1519,0.26923
1520,0.27038
1521,0.26782
1522,0.26845
1523,0.26336
1524,0.26516
1525,0.26796
1526,0.26966
1527,0.27519
1528,0.27562
1529,0.27296
1530,0.26245
1531,0.26646
1532,0.26454
1533,0.24878
1534,0.25171
1535,0.2555
1536,0.2615
1537,0.26427
1538,0.27541
1539,0.28882
1540,0.30367
1541,0.32018
1542,0.33418
1543,0.33486
1544,0.33414
1545,0.32567
1546,0.34226
1547,0.34977
1548,0.3592
1549,0.37415
1550,0.3721
1551,0.36551
1552,0.35792
1553,0.35451
1554,0.35021
1555,0.34495
1556,0.34809
1557,0.35121
1558,0.35591
1559,0.34562
1560,0.33782
1561,0.33184
1562,0.32673
1563,0.32106
1564,0.31898
1565,0.31758
1566,0.31418
1567,0.32325
1568,0.3251
1569,0.32047
1570,0.30993
1571,0.30152
1572,0.29183
1573,0.30186
1574,0.30284
1575,0.29692
1576,0.29101
1577,0.28093
1578,0.26996
1579,0.27529
1580,0.2721
1581,0.27382
1582,0.28335
1583,0.28647
1584,0.28239
1585,0.2801
1586,0.2746
1587,0.27744
1588,0.27503
1589,0.2654
1590,0.2567
1591,0.24903
1592,0.25039
1593,0.25081
1594,0.25
1595,0.24685
1596,0.25321
1597,0.25112
1598,0.24806
1599,0.25288
1600,0.26357
1601,0.26491
1602,0.25194
1603,0.2499
1604,0.24754
1605,0.23077
1606,0.22849
1607,0.23461
1608,0.22763
1609,0.23465
1610,0.23703
1611,0.23711
1612,0.2377
1613,0.24073
1614,0.24244
1615,0.235
1616,0.22551
1617,0.2357
1618,0.24696
1619,0.25604
1620,0.25926
1621,0.25705
1622,0.25381
1623,0.25865
1624,0.25095
1625,0.2423
1626,0.2401
1627,0.24169
1628,0.25181
1629,0.2562
1630,0.25744
1631,0.26716
1632,0.2682
1633,0.26063
1634,0.25971
1635,0.2603
1636,0.26097
1637,0.26172
1638,0.26693
1639,0.27202
1640,0.27854
1641,0.28167
1642,0.27984
1643,0.27281
1644,0.26276
1645,0.25443
1646,0.25371
1647,0.24958
1648,0.23147
1649,0.23415
1650,0.22793
1651,0.21783
1652,0.21676
1653,0.20957
1654,0.21222
1655,0.21667
1656,0.22671
1657,0.23167
1658,0.23785
1659,0.24512
1660,0.25167
1661,0.25521
1662,0.25027
1663,0.23583
1664,0.2205
1665,0.21482
1666,0.21067
1667,0.21674
1668,0.22237
1669,0.22227
1670,0.21375
1671,0.20688
1672,0.21327
1673,0.22899
1674,0.2271
1675,0.21475
1676,0.19565
1677,0.19164
1678,0.20028
1679,0.2009
1680,0.18845
1681,0.17405
1682,0.17448
1683,0.18233
1684,0.17793
1685,0.16825
1686,0.16004
1687,0.14771
1688,0.14011
1689,0.13149
1690,0.14445
1691,0.1477
1692,0.15586
1693,0.16076
1694,0.16513
1695,0.16055
1696,0.15306
1697,0.13924
1698,0.13201
1699,0.13269
1700,0.13507
1701,0.13997
1702,0.13861
1703,0.14447
1704,0.15048
1705,0.15591
1706,0.14939
1707,0.14567
1708,0.14061
1709,0.13593
1710,0.12569
1711,0.12698
1712,0.12839
1713,0.13694
1714,0.13819
1715,0.13325
1716,0.12348
1717,0.10893
1718,0.096775
1719,0.086648
1720,0.074269
1721,0.059825
1722,0.05656
1723,0.062943
1724,0.059019
1725,0.055103
1726,0.046973
1727,0.033372
1728,0.022676
1729,0.015784
1730,0.015835
1731,0.016699
1732,0.0061505
1733,0.0054753
1734,-0.0018393
1735,-0.0038497
1736,-0.00777
1737,-0.013407
1738,-0.016664
1739,-0.0073424
1740,-0.0063829
1741,0.0060049
1742,0.0042417
1743,-0.0097813
1744,-0.030863
1745,-0.047971
1746,-0.04985
1747,-0.057359
1748,-0.075674
1749,-0.088174
1750,-0.089604
1751,-0.090752
1752,-0.093908
1753,-0.10106
1754,-0.10154
1755,-0.10559
1756,-0.11109
1757,-0.1166
1758,-0.11429
1759,-0.12616
1760,-0.13165
1761,-0.13869
1762,-0.15168
1763,-0.15237
1764,-0.15592
1765,-0.17371
1766,-0.1826
1767,-0.1904
1768,-0.19976
1769,-0.20461
1770,-0.19728
1771,-0.20283
1772,-0.21137
1773,-0.20536
1774,-0.1966
1775,-0.20813
1776,-0.21521
1777,-0.22266
1778,-0.22457
1779,-0.23763
1780,-0.23994
1781,-0.24841
1782,-0.25393
1783,-0.26373
1784,-0.2647
1785,-0.27459
1786,-0.27203
1787,-0.28477
1788,-0.28374
1789,-0.28972
1790,-0.30356
1791,-0.30818
1792,-0.3047
1793,-0.30354
1794,-0.30214
1795,-0.3019
1796,-0.29203
1797,-0.29139
1798,-0.2912
1799,-0.28976
1800,-0.28507
1801,-0.2721
1802,-0.26468
1803,-0.25869
1804,-0.26174
1805,-0.27032
1806,-0.27229
1807,-0.26629
1808,-0.25974
1809,-0.24975
1810,-0.24341
1811,-0.23172
1812,-0.22253
1813,-0.2152
1814,-0.19928
1815,-0.18379
1816,-0.19022
1817,-0.19204
1818,-0.19975
1819,-0.20182
1820,-0.20144
1821,-0.20114
1822,-0.2004
1823,-0.19961
1824,-0.19841
1825,-0.20588
1826,-0.20952
1827,-0.20963
1828,-0.21995
1829,-0.23415
1830,-0.23854
1831,-0.23888
1832,-0.2507
1833,-0.25747
1834,-0.26196
1835,-0.26724
1836,-0.27874
1837,-0.2859
1838,-0.27773
1839,-0.27982
1840,-0.28217
1841,-0.28033
1842,-0.28034
1843,-0.27482
1844,-0.26763
1845,-0.2679
1846,-0.26729
1847,-0.26389
1848,-0.2532
1849,-0.25169
1850,-0.24947
1851,-0.25206
1852,-0.24607
1853,-0.24955
1854,-0.25403
1855,-0.25962
1856,-0.2618
1857,-0.25898
1858,-0.26029
1859,-0.25938
1860,-0.25472
1861,-0.262
1862,-0.26661
1863,-0.26617
1864,-0.27103
1865,-0.26869
1866,-0.26825
1867,-0.28103
1868,-0.30272
1869,-0.30616
1870,-0.3042
1871,-0.30414
1872,-0.30007
1873,-0.29164
1874,-0.29487
1875,-0.30172
1876,-0.29728
1877,-0.3042
1878,-0.30505
1879,-0.30141
1880,-0.29737
1881,-0.29068
1882,-0.27905
1883,-0.27073
1884,-0.26343
1885,-0.25844
1886,-0.25322
1887,-0.25651
1888,-0.25933
1889,-0.25592
1890,-0.25878
1891,-0.26106
1892,-0.26222
1893,-0.25774
1894,-0.24665
1895,-0.23546
1896,-0.21176
1897,-0.20316
1898,-0.19408
1899,-0.1798
1900,-0.15855
1901,-0.14325
1902,-0.11971
1903,-0.093267
1904,-0.075998
1905,-0.061679
1906,-0.052373
1907,-0.041837
1908,-0.024305
1909,-0.0066933
1910,0.0061462
1911,0.024956
1912,0.029286
1913,0.042163
1914,0.051594
1915,0.057567
1916,0.071166
1917,0.060936
1918,0.066299
1919,0.064691
1920,0.064569
1921,0.053836
1922,0.049079
1923,0.047256
1924,0.046415
1925,0.04528
1926,0.040591
1927,0.042564
1928,0.038727
1929,0.037273
1930,0.039594
1931,0.040631
1932,0.03001
1933,0.023134
1934,0.026093
1935,0.03535
1936,0.050947
1937,0.053966
1938,0.051459
1939,0.06218
1940,0.070077
1941,0.065495
1942,0.054533
1943,0.046424
1944,0.03683
1945,0.037573
1946,0.032958
1947,0.03133
1948,0.049053
1949,0.055491
1950,0.055091
1951,0.050805
1952,0.053526
1953,0.052819
1954,0.046445
1955,0.047906
1956,0.05207
1957,0.044159
1958,0.031658
1959,0.019586
1960,0.017044
1961,0.013271
1962,0.0068823
1963,0.0098739
1964,0.015524
1965,0.019476
1966,0.030262
1967,0.042504
1968,0.053105
1969,0.060806
1970,0.058526
1971,0.058736
1972,0.056215
1973,0.062017
1974,0.065806
1975,0.070139
1976,0.066196
1977,0.065332
1978,0.057958
1979,0.053601
1980,0.052205
1981,0.05066
1982,0.047204
1983,0.048838
1984,0.051576
1985,0.048984
1986,0.045937
1987,0.032952
1988,0.024591
1989,0.021733
1990,0.0092114
1991,-0.006281
1992,-0.026091
1993,-0.03449
1994,-0.047875
1995,-0.056321
1996,-0.068718
1997,-0.08047
1998,-0.093775
1999,-0.092032
2000,-0.084783
2001,-0.092577
2002,-0.10708
2003,-0.11066
2004,-0.1233
2005,-0.12949
2006,-0.1239
2007,-0.11939
2008,-0.11707
2009,-0.11404
2010,-0.11129
2011,-0.11347
2012,-0.11211
2013,-0.11041
2014,-0.11306
2015,-0.1125
2016,-0.12312
2017,-0.12115
2018,-0.11743
2019,-0.12331
2020,-0.14871
2021,-0.14368
2022,-0.13934
2023,-0.14673
2024,-0.1526
2025,-0.15253
2026,-0.1456
2027,-0.13883
2028,-0.13077
2029,-0.12384
2030,-0.11906
2031,-0.10934
2032,-0.10339
2033,-0.098744
2034,-0.10934
2035,-0.1222
2036,-0.13189
2037,-0.12529
2038,-0.11177
2039,-0.1007
2040,-0.095035
2041,-0.097726
2042,-0.081804
2043,-0.066618
2044,-0.064619
2045,-0.050864
2046,-0.046387
2047,-0.040465
2048,-0.034073
2049,-0.02602
2050,-0.028939
2051,-0.027725
2052,-0.01688
2053,-0.012629
2054,-0.0066772
2055,-0.00025673
2056,0.0041577
2057,0.004949
2058,0.0087027
2059,0.002842
2060,-0.0071064
2061,-0.0095213
2062,-0.017718
2063,-0.020999
2064,-0.015037
2065,-0.011867
2066,-0.014022
2067,-0.0244
2068,-0.029035
2069,-0.022608
2070,-0.021819
2071,-0.025062
2072,-0.024703
2073,-0.030899
2074,-0.031983
2075,-0.034256
2076,-0.033561
2077,-0.024553
2078,-0.021328
2079,-0.031265
2080,-0.033758
2081,-0.052241
2082,-0.058619
2083,-0.060327
2084,-0.051628
2085,-0.058185
2086,-0.058767
2087,-0.059809
2088,-0.057866
2089,-0.057257
2090,-0.051047
2091,-0.061758
2092,-0.067653
2093,-0.072217
2094,-0.078628
2095,-0.082255
2096,-0.089378
2097,-0.098968
2098,-0.10021
2099,-0.10041
2100,-0.098717
2101,-0.10012
2102,-0.10663
2103,-0.096281
2104,-0.080902
2105,-0.069365
2106,-0.059267
2107,-0.04214
2108,-0.028717
2109,-0.017858
2110,-0.012437
2111,-0.0070827
2112,0.005636
2113,0.0084496
2114,0.0010958
2115,0.00081679
2116,0.006624
2117,-0.00074352
2118,-0.0074906
2119,-0.0070554
2120,-0.0050218
2121,0.0021938
2122,0.0019663
2123,0.0047004
2124,0.0015166
2125,0.0018417
2126,0.010551
2127,0.017744
2128,0.023504
2129,0.033429
2130,0.034974
2131,0.038989
2132,0.042916
2133,0.042017
2134,0.053406
2135,0.055217
2136,0.055919
2137,0.064416
2138,0.072573
2139,0.079156
2140,0.085659
2141,0.10384
2142,0.10772
2143,0.10575
2144,0.099643
2145,0.094818
2146,0.089247
2147,0.081443
2148,0.075498
2149,0.075673
2150,0.075402
2151,0.090955
2152,0.090937
2153,0.087402
2154,0.082459
2155,0.08893
2156,0.10223
2157,0.10809
2158,0.12036
2159,0.13226
2160,0.1381
2161,0.14441
2162,0.15005
2163,0.15768
2164,0.16304
2165,0.17768
2166,0.17057
2167,0.16704
2168,0.17455
2169,0.16501
2170,0.16224
2171,0.16221
2172,0.16572
2173,0.17464
2174,0.18434
2175,0.19163
2176,0.20071
2177,0.21196
2178,0.22072
2179,0.21755
2180,0.22078
2181,0.23044
2182,0.2294
2183,0.23053
2184,0.23896
2185,0.24436
2186,0.24536
2187,0.24579
2188,0.24562
2189,0.2503
2190,0.25001
2191,0.24051
2192,0.25375
2193,0.26385
2194,0.27723
2195,0.27982
2196,0.28464
2197,0.29975
2198,0.30695
2199,0.29583
2200,0.2889
2201,0.29197
2202,0.29063
2203,0.28024
2204,0.28358
2205,0.27456
2206,0.26967
2207,0.2757
2208,0.27899
2209,0.26525
2210,0.26308
2211,0.27571
2212,0.27933
2213,0.28856
2214,0.28973
2215,0.28804
2216,0.28773
2217,0.28896
2218,0.28731
2219,0.28076
2220,0.28356
2221,0.28504
2222,0.27706
2223,0.27603
2224,0.27696
2225,0.26637
2226,0.25753
2227,0.24337
2228,0.23232
2229,0.22096
2230,0.21026
2231,0.20697
2232,0.20542
2233,0.20515
2234,0.20454
2235,0.19214
2236,0.17731
2237,0.15904
2238,0.15729
2239,0.16927
2240,0.15256
2241,0.1367
2242,0.1158
2243,0.085434
2244,0.061661
2245,0.056333
2246,0.054709
2247,0.048196
2248,0.056711
2249,0.057302
2250,0.066331
2251,0.069319
2252,0.069478
2253,0.06438
2254,0.069899
2255,0.081854
2256,0.073227
2257,0.077378
2258,0.077378
2259,0.084632
2260,0.079074
2261,0.07425
2262,0.066295
2263,0.07008
2264,0.083784
2265,0.091193
2266,0.07745
2267,0.071832
2268,0.062753
2269,0.056876
2270,0.044902
2271,0.025038
2272,0.015645
2273,0.0031435
2274,-0.016821
2275,-0.032286
2276,-0.047798
2277,-0.059685
2278,-0.070782
2279,-0.084384
2280,-0.095505
2281,-0.095808
2282,-0.10501
2283,-0.11582
2284,-0.13194
2285,-0.14247
2286,-0.15177
2287,-0.1622
2288,-0.16952
2289,-0.1755
2290,-0.17937
2291,-0.17821
2292,-0.17517
2293,-0.17853
2294,-0.18172
2295,-0.1776
2296,-0.16836
2297,-0.17184
2298,-0.17642
2299,-0.1741
2300,-0.17943
2301,-0.18757
2302,-0.1811
2303,-0.17602
2304,-0.1807
2305,-0.19436
2306,-0.20351
2307,-0.20386
2308,-0.20708
2309,-0.20387
2310,-0.20524
2311,-0.20346
2312,-0.20035
2313,-0.2075
2314,-0.21078
2315,-0.21251
2316,-0.22
2317,-0.21353
2318,-0.20641
2319,-0.20398
2320,-0.20092
2321,-0.19229
2322,-0.18926
2323,-0.18264
2324,-0.17501
2325,-0.16982
2326,-0.1674
2327,-0.17412
2328,-0.17993
2329,-0.18725
2330,-0.18327
2331,-0.18303
2332,-0.18685
2333,-0.18144
2334,-0.188
2335,-0.19586
2336,-0.20159
2337,-0.19339
2338,-0.19674
2339,-0.19455
2340,-0.18989
2341,-0.18474
2342,-0.17509
2343,-0.17601
2344,-0.17138
2345,-0.16525
2346,-0.17007
2347,-0.17567
2348,-0.17889
2349,-0.17119
2350,-0.16105
2351,-0.15184
2352,-0.14521
2353,-0.15723
2354,-0.1733
2355,-0.17863
2356,-0.18598
2357,-0.18579
2358,-0.19271
2359,-0.1964
2360,-0.19568
2361,-0.18673
2362,-0.16992
2363,-0.16824
2364,-0.16343
2365,-0.14647
2366,-0.14081
2367,-0.14511
2368,-0.14646
2369,-0.13744
2370,-0.14174
2371,-0.14208
2372,-0.14301
2373,-0.14025
2374,-0.14137
2375,-0.13918
2376,-0.12673
2377,-0.11741
2378,-0.12086
2379,-0.1259
2380,-0.12594
2381,-0.1295
2382,-0.12823
2383,-0.12324
2384,-0.11752
2385,-0.11845
2386,-0.11808
2387,-0.11196
2388,-0.096539
2389,-0.085945
2390,-0.080055
2391,-0.071458
2392,-0.070244
2393,-0.065965
2394,-0.062771
2395,-0.069436
2396,-0.068208
2397,-0.069571
2398,-0.059326
2399,-0.056663
2400,-0.061455
2401,-0.054286
2402,-0.048461
2403,-0.047938
2404,-0.060371
2405,-0.073722
2406,-0.090151
2407,-0.093024
2408,-0.095604
2409,-0.087658
2410,-0.093625
2411,-0.094922
2412,-0.091191
2413,-0.088546
2414,-0.086547
2415,-0.090433
2416,-0.086678
2417,-0.081346
2418,-0.070315
2419,-0.070825
2420,-0.06682
2421,-0.065374
2422,-0.064918
2423,-0.064869
2424,-0.059052
2425,-0.05091
2426,-0.036633
2427,-0.011226
2428,0.0028341
2429,-0.0063028
2430,-0.0040754
2431,-0.010314
2432,-0.010811
2433,-0.0085301
2434,-0.0032991
2435,0.015212
2436,0.024073
2437,0.017026
2438,-0.00017522
2439,-0.0050485
2440,-0.0036532
2441,-0.0066582
2442,-0.0040959
2443,-0.0021094
2444,-0.0041647
2445,0.0044921
2446,0.0050924
2447,0.0027256
2448,0.0098923
2449,0.0034142
2450,0.0010294
2451,0.0042094
2452,0.0035313
2453,-0.0024887
2454,-0.011402
2455,-0.023004
2456,-0.023367
2457,-0.014093
2458,-0.0064586
2459,-0.017944
2460,-0.027494
2461,-0.036719
2462,-0.043401
2463,-0.053053
2464,-0.053097
2465,-0.043288
2466,-0.037595
2467,-0.035282
2468,-0.036653
2469,-0.028159
2470,-0.032128
2471,-0.027274
2472,-0.027769
2473,-0.029829
2474,-0.023735
2475,-0.027256
2476,-0.026084
2477,-0.029929
2478,-0.038456
2479,-0.033841
2480,-0.033898
2481,-0.033578
2482,-0.037492
2483,-0.037404
2484,-0.037628
2485,-0.044372
2486,-0.055305
2487,-0.05596
2488,-0.057958
2489,-0.074395
2490,-0.086987
2491,-0.095892
2492,-0.097585
2493,-0.10404
2494,-0.10462
2495,-0.11172
2496,-0.11509
2497,-0.11793
2498,-0.12369
2499,-0.13091
2500,-0.14012
2501,-0.13622
2502,-0.12208
2503,-0.11993
2504,-0.11713
2505,-0.10725
2506,-0.10567
2507,-0.10632
2508,-0.097782
2509,-0.085891
2510,-0.083465
2511,-0.084882
2512,-0.082043
2513,-0.085296
2514,-0.078197
2515,-0.083358
2516,-0.079252
2517,-0.087514
2518,-0.089524
2519,-0.0828
2520,-0.078835
2521,-0.068556
2522,-0.048102
2523,-0.023894
2524,-0.0085999
2525,0.0091204
2526,0.033501
2527,0.041524
2528,0.052847
2529,0.051976
2530,0.059917
2531,0.063075
2532,0.072217
2533,0.087343
2534,0.087832
2535,0.082953
2536,0.075798
2537,0.081815
2538,0.074451
2539,0.083832
2540,0.083258
2541,0.081838
2542,0.076334
2543,0.081686
2544,0.08049
2545,0.082213
2546,0.079209
2547,0.082315
2548,0.073918
2549,0.075459
2550,0.07838
2551,0.080787
2552,0.083802
2553,0.087361
2554,0.081116
2555,0.076246
2556,0.073472
2557,0.081736
2558,0.07728
2559,0.067497
2560,0.063362
2561,0.060376
2562,0.068837
2563,0.074302
2564,0.079649
2565,0.078848
2566,0.076141
2567,0.073539
2568,0.073842
2569,0.081119
2570,0.078139
2571,0.068251
2572,0.068965
2573,0.070711
2574,0.082576
2575,0.089405
2576,0.093825
2577,0.087172
2578,0.091133
2579,0.097627
2580,0.095741
2581,0.098088
2582,0.094855
2583,0.088527
2584,0.080225
2585,0.077964
2586,0.080044
2587,0.081069
2588,0.079964
2589,0.085162
2590,0.086343
2591,0.092519
2592,0.095224
2593,0.1065
2594,0.10926
2595,0.11556
2596,0.11432
2597,0.10069
2598,0.087307
2599,0.072664
2600,0.057958
2601,0.048985
2602,0.039782
2603,0.02956
2604,0.024487
2605,0.016844
2606,0.0029008
2607,-0.0066469
2608,-0.013852
2609,-0.017094
2610,-0.023822
2611,-0.026868
2612,-0.016787
2613,-0.013631
2614,-0.015872
2615,-0.0067886
2616,0.001395
2617,0.002405
2618,0.0068179
2619,0.0035909
2620,-0.0048415
2621,-0.0076491
2622,-0.01068
2623,-0.012385
2624,-0.011218
2625,0.0052945
2626,0.0078734
2627,0.01758
2628,0.021601
2629,0.027333
2630,0.035493
2631,0.038715
2632,0.03764
2633,0.035291
2634,0.024316
2635,0.023319
2636,0.032925
2637,0.039151
2638,0.045324
2639,0.058318
2640,0.064063
2641,0.058611
2642,0.060782
2643,0.063669
2644,0.067159
2645,0.078344
2646,0.073895
2647,0.075988
2648,0.080535
2649,0.07816
2650,0.072929
2651,0.07935
2652,0.082115
2653,0.091004
2654,0.087559
2655,0.087291
2656,0.092691
2657,0.092627
2658,0.089067
2659,0.087002
2660,0.091067
2661,0.089492
2662,0.09027
2663,0.085057
2664,0.096787
2665,0.09878
2666,0.10769
2667,0.099368
2668,0.083711
2669,0.079905
2670,0.081912
2671,0.075352
2672,0.065621
2673,0.063182
2674,0.061621
2675,0.058113
2676,0.042486
2677,0.024224
2678,0.029625
2679,0.030446
2680,0.039032
2681,0.045735
2682,0.048411
2683,0.041872
2684,0.036831
2685,0.032269
2686,0.032676
2687,0.031533
2688,0.045353
2689,0.054781
2690,0.069653
2691,0.076324
2692,0.077475
2693,0.062117
2694,0.05159
2695,0.042774
2696,0.031739
2697,0.02869
2698,0.02318
2699,0.017828
2700,0.016045
2701,0.018145
2702,0.020214
2703,0.020726
2704,0.018094
2705,0.020363
2706,0.026871
2707,0.018844
2708,0.022026
2709,0.025112
2710,0.027418
2711,0.035215
2712,0.044321
2713,0.053772
2714,0.05931
2715,0.052389
2716,0.050316
2717,0.064478
2718,0.074271
2719,0.076327
2720,0.091071
2721,0.10054
2722,0.10545
2723,0.10919
2724,0.10965
2725,0.1099
2726,0.096299
2727,0.089295
2728,0.082618
2729,0.067847
2730,0.055951
2731,0.035049
2732,0.023763
2733,0.018987
2734,0.011266
2735,0.0044668
2736,0.00039371
2737,0.00039096
2738,0.0042955
2739,0.011835
2740,0.020222
2741,0.0343
2742,0.046231
2743,0.058765
2744,0.062464
2745,0.062653
2746,0.069594
2747,0.067818
2748,0.064862
2749,0.059326
2750,0.05525
2751,0.050057
2752,0.047826
2753,0.061146
2754,0.068897
2755,0.074383
2756,0.086651
2757,0.10325
2758,0.111
2759,0.12477
2760,0.12696
2761,0.13396
2762,0.14822
2763,0.14972
2764,0.14906
2765,0.14001
2766,0.1535
2767,0.15271
2768,0.15794
2769,0.16007
2770,0.16132
2771,0.17164
2772,0.17869
2773,0.17538
2774,0.17593
2775,0.18274
2776,0.18664
2777,0.18838
2778,0.20408
2779,0.21477
2780,0.22307
2781,0.23307
2782,0.23594
2783,0.23994
2784,0.25161
2785,0.25624
2786,0.26304
2787,0.26713
2788,0.2708
2789,0.26946
2790,0.26284
2791,0.25471
2792,0.23916
2793,0.2332
2794,0.22149
2795,0.22044
2796,0.21499
2797,0.21231
2798,0.21298
2799,0.20993
2800,0.20143
2801,0.19832
2802,0.18337
2803,0.17817
2804,0.17883
2805,0.17335
2806,0.17201
2807,0.17624
2808,0.17408
2809,0.17278
2810,0.17227
2811,0.17448
2812,0.16944
2813,0.16075
2814,0.16163
2815,0.16366
2816,0.16013
2817,0.15421
2818,0.13993
2819,0.14274
2820,0.13564
2821,0.14319
2822,0.14526
2823,0.1478
2824,0.13721
2825,0.13407
2826,0.12828
2827,0.11824
2828,0.11289
2829,0.11085
2830,0.11005
2831,0.12236
2832,0.1279
2833,0.13181
2834,0.13321
2835,0.13509
2836,0.14232
2837,0.13953
2838,0.14094
2839,0.13732
2840,0.13971
2841,0.14018
2842,0.13477
2843,0.12996
2844,0.1268
2845,0.1278
2846,0.12309
2847,0.11167
2848,0.10796
2849,0.099878
2850,0.081019
2851,0.074108
2852,0.07328
2853,0.076383
2854,0.074143
2855,0.069438
2856,0.061089
2857,0.060144
2858,0.05622
2859,0.057462
2860,0.060539
2861,0.056923
2862,0.058885
2863,0.048561
2864,0.040062
2865,0.027683
2866,0.017562
2867,0.0024235
2868,-0.018991
2869,-0.02792
2870,-0.029921
2871,-0.045754
2872,-0.059022
2873,-0.070199
2874,-0.074448
2875,-0.063288
2876,-0.050196
2877,-0.041054
2878,-0.025767
2879,-0.014945
2880,-0.012741
2881,-0.0094157
2882,-0.012139
2883,-0.01489
2884,-0.020602
2885,-0.021545
2886,-0.0304
2887,-0.037014
2888,-0.039154
2889,-0.033234
2890,-0.025903
2891,-0.015596
2892,-0.01044
2893,-0.0011749
2894,-0.0011544
2895,0.0017744
2896,0.0066916
2897,-0.0063212
2898,-0.010852
2899,-0.0112
2900,-0.0070663
2901,0.0042535
2902,0.011788
2903,0.0083199
2904,-0.003622
2905,-0.016059
2906,-0.010296
2907,0.0028612
2908,0.012852
2909,0.0055836
2910,-0.0034106
2911,-0.0069343
2912,-0.01313
2913,-0.021915
2914,-0.021317
2915,-0.018874
2916,-0.015437
2917,-0.022756
2918,-0.031785
2919,-0.045579
2920,-0.039416
2921,-0.030125
2922,-0.019759
2923,-0.015282
2924,-0.0034045
2925,0.01078
2926,0.008373
2927,0.0039642
2928,-0.0053826
2929,0.0055884
2930,0.020286
2931,0.02916
2932,0.03394
2933,0.043756
2934,0.04933
2935,0.05054
2936,0.039822
2937,0.039601
2938,0.042382
2939,0.043135
2940,0.044088
2941,0.041452
2942,0.038842
2943,0.035465
2944,0.037786
2945,0.036987
2946,0.030814
2947,0.016125
2948,0.0066074
2949,0.004853
2950,0.018439
2951,0.014576
2952,0.0080654
2953,0.0037233
2954,0.002733
2955,-8.7636e-05
2956,0.0058119
2957,0.011242
2958,0.0098104
2959,0.010857
2960,-0.0083507
2961,-0.015133
2962,-0.016388
2963,-0.020087
2964,-0.022275
2965,-0.023052
2966,-0.035966
2967,-0.042061
2968,-0.044849
2969,-0.052028
2970,-0.05437
2971,-0.057029
2972,-0.064268
2973,-0.054932
2974,-0.034209
2975,-0.031566
2976,-0.038146
2977,-0.039157
2978,-0.031638
2979,-0.023741
2980,-0.024586
2981,-0.036949
2982,-0.04828
2983,-0.050417
2984,-0.046796
2985,-0.049147
2986,-0.052821
2987,-0.053447
2988,-0.049435
2989,-0.05618
2990,-0.072697
2991,-0.084664
2992,-0.086713
2993,-0.085696
2994,-0.087687
2995,-0.098805
2996,-0.11141
2997,-0.11127
2998,-0.11129
2999,-0.10277
3000,-0.095855
3001,-0.089942
3002,-0.06673
3003,-0.064313
3004,-0.067454
3005,-0.054779
3006,-0.047072
3007,-0.04583
3008,-0.051147
3009,-0.05605
3010,-0.065138
3011,-0.056997
3012,-0.051605
3013,-0.046057
3014,-0.040881
3015,-0.050794
3016,-0.05471
3017,-0.055955
3018,-0.047618
3019,-0.042751
3020,-0.032189
3021,-0.025932
3022,-0.030339
3023,-0.033366
3024,-0.028797
3025,-0.027346
3026,-0.030671
3027,-0.027885
3028,-0.0082111
3029,-0.00074406
3030,-0.0049292
3031,-0.015271
3032,-0.011182
3033,-0.011674
3034,-0.0097221
3035,-0.014964
3036,-0.02256
3037,-0.026665
3038,-0.023993
3039,-0.012832
3040,-0.0068558
3041,-0.0056598
3042,-0.0041754
3043,-0.010754
3044,-0.019127
3045,-0.0070492
3046,-0.0053986
3047,-0.0003254
3048,-0.014848
3049,-0.012143
3050,-0.012517
3051,-0.015966
3052,-0.015436
3053,-0.012916
3054,-0.0025749
3055,-0.014061
3056,-0.020317
3057,-0.026874
3058,-0.034585
3059,-0.042578
3060,-0.042767
3061,-0.042763
3062,-0.048006
3063,-0.052274
3064,-0.047141
3065,-0.04328
3066,-0.063351
3067,-0.067102
3068,-0.075419
3069,-0.086565
3070,-0.09926
3071,-0.10673
3072,-0.10046
3073,-0.097044
3074,-0.09206
3075,-0.087047
3076,-0.094224
3077,-0.091859
3078,-0.095505
3079,-0.10362
3080,-0.10439
3081,-0.10142
3082,-0.095698
3083,-0.093802
3084,-0.084099
3085,-0.084841
3086,-0.09722
3087,-0.10322
3088,-0.11599
3089,-0.12788
3090,-0.12076
3091,-0.12023
3092,-0.11765
3093,-0.12077
3094,-0.1261
3095,-0.12648
3096,-0.13694
3097,-0.138
3098,-0.13962
3099,-0.1384
3100,-0.143
3101,-0.14834
3102,-0.14343
3103,-0.14149
3104,-0.14309
3105,-0.15617
3106,-0.16192
3107,-0.1694
3108,-0.17569
3109,-0.1861
3110,-0.19343
3111,-0.18761
3112,-0.17173
3113,-0.16321
3114,-0.16083
3115,-0.16537
3116,-0.16832
3117,-0.16939
3118,-0.1692
3119,-0.17088
3120,-0.16954
3121,-0.17776
3122,-0.1741
3123,-0.16179
3124,-0.1588
3125,-0.15376
3126,-0.15476
3127,-0.14263
3128,-0.13016
3129,-0.11994
3130,-0.11043
3131,-0.10548
3132,-0.09586
3133,-0.084416
3134,-0.07821
3135,-0.078292
3136,-0.078507
3137,-0.074821
3138,-0.078859
3139,-0.079178
3140,-0.08698
3141,-0.091918
3142,-0.09415
3143,-0.092129
3144,-0.088133
3145,-0.087907
3146,-0.087781
3147,-0.094325
3148,-0.088882
3149,-0.092222
3150,-0.093671
3151,-0.090268
3152,-0.081838
3153,-0.0664
3154,-0.059465
3155,-0.052308
3156,-0.045093
3157,-0.04369
3158,-0.036348
3159,-0.031555
3160,-0.041829
3161,-0.048945
3162,-0.050479
3163,-0.057076
3164,-0.063413
3165,-0.070911
3166,-0.075484
3167,-0.091049
3168,-0.10274
3169,-0.11122
3170,-0.11702
3171,-0.14056
3172,-0.15743
3173,-0.1588
3174,-0.16586
3175,-0.15982
3176,-0.14513
3177,-0.13691
3178,-0.12729
3179,-0.1174
3180,-0.10194
3181,-0.095036
3182,-0.099666
3183,-0.093931
3184,-0.09814
3185,-0.091556
3186,-0.089414
3187,-0.09118
3188,-0.090824
3189,-0.099924
3190,-0.1071
3191,-0.11767
3192,-0.12041
3193,-0.1293
3194,-0.13102
3195,-0.13551
3196,-0.14207
3197,-0.14115
3198,-0.13444
3199,-0.13249
3200,-0.13432
3201,-0.11791
3202,-0.096924
3203,-0.088083
3204,-0.083022
3205,-0.080587
3206,-0.085529
3207,-0.082795
3208,-0.079476
3209,-0.083507
3210,-0.082114
3211,-0.077515
3212,-0.061682
3213,-0.052412
3214,-0.051316
3215,-0.057879
3216,-0.056292
3217,-0.04825
3218,-0.029684
3219,-0.026646
3220,-0.017365
3221,-0.0099118
3222,-0.0060223
3223,-0.010683
3224,-0.010757
3225,-0.0066565
3226,0.0016042
3227,0.010249
3228,0.0084079
3229,0.011618
3230,0.024132
3231,0.014737
3232,0.01077
3233,0.0119
3234,0.0023196
3235,-0.014462
3236,-0.026111
3237,-0.027332
3238,-0.031656
3239,-0.035065
3240,-0.028971
3241,-0.03908
3242,-0.040764
3243,-0.041509
3244,-0.042592
3245,-0.056115
3246,-0.061275
3247,-0.062074
3248,-0.06615
3249,-0.069312
3250,-0.083347
3251,-0.087921
3252,-0.097226
3253,-0.097997
3254,-0.10107
3255,-0.1154
3256,-0.12207
3257,-0.13662
3258,-0.13919
3259,-0.13676
3260,-0.13648
3261,-0.13506
3262,-0.13033
3263,-0.1253
3264,-0.12736
3265,-0.12858
3266,-0.12082
3267,-0.12707
3268,-0.13749
3269,-0.14518
3270,-0.1561
3271,-0.16327
3272,-0.1729
3273,-0.18292
3274,-0.1846
3275,-0.17544
3276,-0.16993
3277,-0.17353
3278,-0.17688
3279,-0.17787
3280,-0.17966
3281,-0.16367
3282,-0.15417
3283,-0.15867
3284,-0.15872
3285,-0.15799
3286,-0.15711
3287,-0.14282
3288,-0.13205
3289,-0.12332
3290,-0.12908
3291,-0.12116
3292,-0.10595
3293,-0.091667
3294,-0.08229
3295,-0.069689
3296,-0.050838
3297,-0.04732
3298,-0.045679
3299,-0.045045
3300,-0.054726
3301,-0.058702
3302,-0.060616
3303,-0.065931
3304,-0.069445
3305,-0.067425
3306,-0.0733
3307,-0.082572
3308,-0.086755
3309,-0.091626
3310,-0.095919
3311,-0.10044
3312,-0.098546
3313,-0.1031
3314,-0.10401
3315,-0.094687
3316,-0.080601
3317,-0.066255
3318,-0.065259
3319,-0.061427
3320,-0.057371
3321,-0.054535
3322,-0.048384
3323,-0.040912
3324,-0.060515
3325,-0.070724
3326,-0.071996
3327,-0.079773
3328,-0.080486
3329,-0.073858
3330,-0.071298
3331,-0.060405
3332,-0.054607
3333,-0.045221
3334,-0.040823
3335,-0.045385
3336,-0.050952
3337,-0.063933
3338,-0.076141
3339,-0.086311
3340,-0.077763
3341,-0.073646
3342,-0.067272
3343,-0.068078
3344,-0.064677
3345,-0.065852
3346,-0.073954
3347,-0.082687
3348,-0.089751
3349,-0.094006
3350,-0.089354
3351,-0.099625
3352,-0.095652
3353,-0.089451
3354,-0.093058
3355,-0.10307
3356,-0.10977
3357,-0.1166
3358,-0.11672
3359,-0.12455
3360,-0.12376
3361,-0.11403
3362,-0.10895
3363,-0.096709
3364,-0.092385
3365,-0.096149
3366,-0.096182
3367,-0.10081
3368,-0.10896
3369,-0.10439
3370,-0.10286
3371,-0.11564
3372,-0.11548
3373,-0.11659
3374,-0.11828
3375,-0.11054
3376,-0.10422
3377,-0.094546
3378,-0.082925
3379,-0.077643
3380,-0.062254
3381,-0.063973
3382,-0.070157
3383,-0.071641
3384,-0.064098
3385,-0.063404
3386,-0.066231
3387,-0.073434
3388,-0.066601
3389,-0.063354
3390,-0.071118
3391,-0.076374
3392,-0.073558
3393,-0.059125
3394,-0.043189
3395,-0.042632
3396,-0.036802
3397,-0.028609
3398,-0.037773
3399,-0.040592
3400,-0.033507
3401,-0.033249
3402,-0.026084
3403,-0.023912
3404,-0.022272
3405,-0.021995
3406,-0.0092027
3407,0.0022586
3408,0.020393
3409,0.028241
3410,0.038757
3411,0.060639
3412,0.075883
3413,0.077492
3414,0.072094
3415,0.076053
3416,0.065142
3417,0.070082
3418,0.065518
3419,0.063122
3420,0.057178
3421,0.053402
3422,0.047655
3423,0.055579
3424,0.057089
3425,0.050728
3426,0.042939
3427,0.026009
3428,0.023925
3429,0.019012
3430,0.011828
3431,0.008425
3432,0.012157
3433,0.0059606
3434,0.00066925
3435,0.0093047
3436,0.0031244
3437,0.0057038
3438,0.0029634
3439,0.0042961
3440,0.013324
3441,0.0081778
3442,0.010879
3443,0.011056
3444,0.0061937
3445,0.0017315
3446,0.013633
3447,0.020601
3448,0.027752
3449,0.02501
3450,0.026564
3451,0.020028
3452,0.013366
3453,0.023238
3454,0.017485
3455,0.012168
3456,0.0059944
3457,-0.0031589
3458,0.010335
3459,0.024376
3460,0.033493
3461,0.04296
3462,0.04561
3463,0.034182
3464,0.031156
3465,0.034402
3466,0.032935
3467,0.04
3468,0.045385
3469,0.045677
3470,0.03164
3471,0.017584
3472,0.013916
3473,0.014557
3474,0.0085907
3475,0.0083286
3476,0.012844
3477,0.017817
3478,0.026716
3479,0.026888
3480,0.013722
3481,0.0043866
3482,-0.0022464
3483,0.0043542
3484,0.0058879
3485,0.024928
3486,0.02253
3487,0.01899
3488,0.021611
3489,0.020164
3490,0.0065611
3491,0.001992
3492,-0.010734
3493,-0.013827
3494,-0.0080157
3495,-0.01482
3496,-0.024722
3497,-0.031361
3498,-0.030035
3499,-0.039393
3500,-0.039343
3501,-0.031552
3502,-0.025299
3503,-0.024027
3504,-0.026636
3505,-0.031282
3506,-0.037924
3507,-0.044808
3508,-0.053513
3509,-0.054562
3510,-0.04712
3511,-0.054909
3512,-0.064967
3513,-0.0659
3514,-0.059402
3515,-0.063394
3516,-0.060097
3517,-0.048916
3518,-0.042922
3519,-0.033617
3520,-0.038018
3521,-0.031068
3522,-0.027314
3523,-0.034388
3524,-0.026832
3525,-0.024372
3526,-0.024549
3527,-0.016162
3528,-0.01579
3529,-0.025368
3530,-0.023671
3531,-0.029655
3532,-0.041436
3533,-0.05302
3534,-0.060662
3535,-0.056906
3536,-0.056572
3537,-0.048535
3538,-0.049275
3539,-0.046519
3540,-0.049122
3541,-0.049468
3542,-0.051462
3543,-0.034333
3544,-0.024206
3545,-0.012665
3546,-6.862e-05
3547,0.0044312
3548,0.0084008
3549,0.023702
3550,0.033381
3551,0.038481
3552,0.037438
3553,0.042701
3554,0.033244
3555,0.027271
3556,0.042954
3557,0.049806
3558,0.068342
3559,0.084551
3560,0.10451
3561,0.11531
3562,0.11913
3563,0.13459
3564,0.14388
3565,0.13634
3566,0.12972
3567,0.12216
3568,0.13145
3569,0.1426
3570,0.15119
3571,0.16323
3572,0.17368
3573,0.18933
3574,0.19049
3575,0.20075
3576,0.21499
3577,0.22439
3578,0.24023
3579,0.25284
3580,0.26467
3581,0.2744
3582,0.27859
3583,0.27946
3584,0.29203
3585,0.29999
3586,0.31129
3587,0.31486
3588,0.32923
3589,0.33956
3590,0.34155
3591,0.34349
3592,0.35071
3593,0.37265
3594,0.37997
3595,0.38963
3596,0.39317
3597,0.39873
3598,0.38721
3599,0.38835
3600,0.38866
3601,0.38935
3602,0.38799
3603,0.39442
3604,0.38655
3605,0.37776
3606,0.38131
3607,0.3954
3608,0.39852
3609,0.40414
3610,0.40091
3611,0.40005
3612,0.40175
3613,0.40248
3614,0.40603
3615,0.41462
3616,0.4152
3617,0.42727
3618,0.44434
3619,0.44321
3620,0.44094
3621,0.42302
3622,0.40829
3623,0.40428
3624,0.38882
3625,0.37416
3626,0.36852
3627,0.36863
3628,0.36945
3629,0.35852
3630,0.34747
3631,0.33847
3632,0.33556
3633,0.33274
3634,0.33551
3635,0.32872
3636,0.32696
3637,0.33676
3638,0.34953
3639,0.34532
3640,0.33475
3641,0.33463
3642,0.32527
3643,0.32366
3644,0.31367
3645,0.30155
3646,0.27916
3647,0.2678
3648,0.27479
3649,0.2779
3650,0.27004
3651,0.27496
3652,0.27605
3653,0.27404
3654,0.28478
3655,0.28033
3656,0.26761
3657,0.25032
3658,0.22944
3659,0.21185
3660,0.19742
3661,0.19621
3662,0.18776
3663,0.18026
3664,0.17598
3665,0.17766
3666,0.17541
3667,0.16802
3668,0.1597
3669,0.14963
3670,0.14555
3671,0.15196
3672,0.15648
3673,0.15194
3674,0.15758
3675,0.14312
3676,0.127
3677,0.12409
3678,0.13403
3679,0.14262
3680,0.14701
3681,0.15324
3682,0.15098
3683,0.16123
3684,0.16437
3685,0.16789
3686,0.1753
3687,0.18255
3688,0.18035
3689,0.18071
3690,0.1881
3691,0.1879
3692,0.17781
3693,0.16983
3694,0.16224
3695,0.16403
3696,0.16947
3697,0.16869
3698,0.16591
3699,0.1695
3700,0.18118
3701,0.18925
3702,0.19956
3703,0.20346
3704,0.2083
3705,0.21035
3706,0.20903
3707,0.20279
3708,0.20425
3709,0.19542
3710,0.19774
3711,0.1948
3712,0.18012
3713,0.17916
3714,0.18275
3715,0.18737
3716,0.17946
3717,0.17904
3718,0.18114
3719,0.18553
3720,0.18801
3721,0.19433
3722,0.1926
3723,0.19559
3724,0.21024
3725,0.22524
3726,0.23017
3727,0.23552
3728,0.23182
3729,0.22658
3730,0.22081
3731,0.21286
3732,0.21236
3733,0.21493
3734,0.21773
3735,0.21628
3736,0.21487
3737,0.21879
3738,0.21416
3739,0.21196
3740,0.19786
3741,0.19416
3742,0.19333
3743,0.20174
3744,0.19406
3745,0.20303
3746,0.2111
3747,0.22452
3748,0.23264
3749,0.24631
3750,0.24952
3751,0.25659
3752,0.25324
3753,0.25272
3754,0.25152
3755,0.24444
3756,0.25204
3757,0.24637
3758,0.24708
3759,0.24982
3760,0.24084
3761,0.23721
3762,0.23203
3763,0.2395
3764,0.25371
3765,0.25192
3766,0.25595
3767,0.26393
3768,0.26645
3769,0.25917
3770,0.2538
3771,0.25383
3772,0.25905
3773,0.26028
3774,0.25562
3775,0.24962
3776,0.25205
3777,0.2371
3778,0.24328
3779,0.24767
3780,0.24856
3781,0.23783
3782,0.21835
3783,0.21153
3784,0.20569
3785,0.20953
3786,0.2106
3787,0.19425
3788,0.1964
3789,0.20026
3790,0.20382
3791,0.20644
3792,0.22002
3793,0.22551
3794,0.21746
3795,0.20124
3796,0.18967
3797,0.18725
3798,0.18064
3799,0.17539
3800,0.1742
3801,0.17118
3802,0.15929
3803,0.14555
3804,0.13399
3805,0.12047
3806,0.10612
3807,0.093324
3808,0.080157
3809,0.073082
3810,0.063127
3811,0.051359
3812,0.052707
3813,0.050096
3814,0.045727
3815,0.038788
3816,0.019886
3817,0.00078857
3818,-0.010692
3819,-0.018455
3820,-0.022825
3821,-0.034342
3822,-0.051744
3823,-0.054889
3824,-0.0666
3825,-0.067152
3826,-0.070998
3827,-0.089069
3828,-0.10178
3829,-0.10848
3830,-0.11002
3831,-0.11392
3832,-0.12133
3833,-0.12109
3834,-0.11868
3835,-0.117
3836,-0.10995
3837,-0.10987
3838,-0.10691
3839,-0.095848
3840,-0.088677
3841,-0.089136
3842,-0.092024
3843,-0.095724
3844,-0.097325
3845,-0.096797
3846,-0.097086
3847,-0.092503
3848,-0.093053
3849,-0.096124
3850,-0.085485
3851,-0.076169
3852,-0.056102
3853,-0.040639
3854,-0.037824
3855,-0.036861
3856,-0.044617
3857,-0.057207
3858,-0.068497
3859,-0.059551
3860,-0.05873
3861,-0.07016
3862,-0.077515
3863,-0.069885
3864,-0.07754
3865,-0.079659
3866,-0.087902
3867,-0.094633
3868,-0.1111
3869,-0.12573
3870,-0.12145
3871,-0.11618
3872,-0.11684
3873,-0.13098
3874,-0.15221
3875,-0.16634
3876,-0.17717
3877,-0.19153
3878,-0.18852
3879,-0.19656
3880,-0.20227
3881,-0.20084
3882,-0.20165
3883,-0.20525
3884,-0.20949
3885,-0.21209
3886,-0.21037
3887,-0.20755
3888,-0.21529
3889,-0.22172
3890,-0.22269
3891,-0.22858
3892,-0.23472
3893,-0.23605
3894,-0.23988
3895,-0.23784
3896,-0.24659
3897,-0.25733
3898,-0.25883
3899,-0.26824
3900,-0.2622
3901,-0.25942
3902,-0.26665
3903,-0.26867
3904,-0.27836
3905,-0.27716
3906,-0.27672
3907,-0.27766
3908,-0.2854
3909,-0.29442
3910,-0.2897
3911,-0.27569
3912,-0.27265
3913,-0.27532
3914,-0.27723
3915,-0.27315
3916,-0.27292
3917,-0.27322
3918,-0.27375
3919,-0.27319
3920,-0.26835
3921,-0.26144
3922,-0.25807
3923,-0.26076
3924,-0.2562
3925,-0.26826
3926,-0.27215
3927,-0.26383
3928,-0.26625
3929,-0.27922
3930,-0.27841
3931,-0.27957
3932,-0.28451
3933,-0.28366
3934,-0.28412
3935,-0.28546
3936,-0.28325
3937,-0.2885
3938,-0.28834
3939,-0.30299
3940,-0.30039
3941,-0.29985
3942,-0.3035
3943,-0.30972
3944,-0.32389
3945,-0.33097
3946,-0.34014
3947,-0.34889
3948,-0.35188
3949,-0.35405
3950,-0.35597
3951,-0.3558
3952,-0.35173
3953,-0.34865
3954,-0.35583
3955,-0.36259
3956,-0.35912
3957,-0.34286
3958,-0.33258
3959,-0.32624
3960,-0.30706
3961,-0.28851
3962,-0.27284
3963,-0.27086
3964,-0.25447
3965,-0.23733
3966,-0.23377
3967,-0.23562
3968,-0.23292
3969,-0.24039
3970,-0.24857
3971,-0.24414
3972,-0.24538
3973,-0.24012
3974,-0.22512
3975,-0.21892
3976,-0.2197
3977,-0.22995
3978,-0.23969
3979,-0.25107
3980,-0.26705
3981,-0.2781
3982,-0.28971
3983,-0.29757
3984,-0.2977
3985,-0.29835
3986,-0.29498
3987,-0.29405
3988,-0.29791
3989,-0.29845
3990,-0.29275
3991,-0.28957
3992,-0.2855
3993,-0.2897
3994,-0.27926
3995,-0.27
3996,-0.25947
3997,-0.2523
3998,-0.26663
3999,-0.2798
4000,-0.28839
4001,-0.29439
4002,-0.30305
4003,-0.30848
4004,-0.31686
4005,-0.32723
4006,-0.34382
4007,-0.34294
4008,-0.34199
4009,-0.34152
4010,-0.34217
4011,-0.33471
4012,-0.3339
4013,-0.33068
4014,-0.32362
4015,-0.30307
4016,-0.29786
4017,-0.28848
4018,-0.28998
4019,-0.3055
4020,-0.31198
4021,-0.31379
4022,-0.3158
4023,-0.32206
4024,-0.33173
4025,-0.34371
4026,-0.34856
4027,-0.33698
4028,-0.33148
4029,-0.33683
4030,-0.3317
4031,-0.32456
4032,-0.31967
4033,-0.30914
4034,-0.32543
4035,-0.34254
4036,-0.35002
4037,-0.34747
4038,-0.33992
4039,-0.33581
4040,-0.32535
4041,-0.31428
4042,-0.30844
4043,-0.30193
4044,-0.29892
4045,-0.29426
4046,-0.29944
4047,-0.30427
4048,-0.30523
4049,-0.30149
4050,-0.28784
4051,-0.27713
4052,-0.27299
4053,-0.28185
4054,-0.28669
4055,-0.29239
4056,-0.29585
4057,-0.29295
4058,-0.29057
4059,-0.29332
4060,-0.28306
4061,-0.2701
4062,-0.27624
4063,-0.27122
4064,-0.27417
4065,-0.28299
4066,-0.29243
4067,-0.29718
4068,-0.28874
4069,-0.27968
4070,-0.26318
4071,-0.25988
4072,-0.24972
4073,-0.24001
4074,-0.24501
4075,-0.24152
4076,-0.23714
4077,-0.21993
4078,-0.20809
4079,-0.20776
4080,-0.20452
4081,-0.19563
4082,-0.18294
4083,-0.17858
4084,-0.17711
4085,-0.17912
4086,-0.18099
4087,-0.19548
4088,-0.19925
4089,-0.20241
4090,-0.20457
4091,-0.19031
4092,-0.19578
4093,-0.1891
4094,-0.18252
4095,-0.18581
4096,-0.18681
4097,-0.18947
4098,-0.19673
4099,-0.20429
4100,-0.21274
4101,-0.20838
4102,-0.20671
4103,-0.20763
4104,-0.20852
4105,-0.20417
4106,-0.19572
4107,-0.18385
4108,-0.18266
4109,-0.18339
4110,-0.18895
4111,-0.19235
4112,-0.20039
4113,-0.19704
4114,-0.19563
4115,-0.19339
4116,-0.18375
4117,-0.1774
4118,-0.17476
4119,-0.16828
4120,-0.15636
4121,-0.14466
4122,-0.15073
4123,-0.15752
4124,-0.17658
4125,-0.18743
4126,-0.19122
4127,-0.20071
4128,-0.19342
4129,-0.18758
4130,-0.16993
4131,-0.16658
4132,-0.16394
4133,-0.15157
4134,-0.1417
4135,-0.13571
4136,-0.14329
4137,-0.14882
4138,-0.15815
4139,-0.16459
4140,-0.16939
4141,-0.17729
4142,-0.1832
4143,-0.18701
4144,-0.187
4145,-0.18907
4146,-0.19335
4147,-0.18537
4148,-0.17758
4149,-0.17902
4150,-0.18201
4151,-0.17399
4152,-0.17055
4153,-0.17442
4154,-0.16878
4155,-0.16435
4156,-0.16469
4157,-0.15552
4158,-0.14523
4159,-0.13255
4160,-0.12635
4161,-0.13038
4162,-0.11944
4163,-0.10967
4164,-0.093509
4165,-0.083061
4166,-0.07399
4167,-0.071803
4168,-0.064264
4169,-0.069303
4170,-0.065645
4171,-0.050832
4172,-0.037376
4173,-0.039326
4174,-0.02487
4175,-0.011271
4176,0.0014512
4177,0.008195
4178,0.011147
4179,0.019544
4180,0.032532
4181,0.024777
4182,0.014633
4183,0.02192
4184,0.039252
4185,0.055709
4186,0.069876
4187,0.081397
4188,0.087253
4189,0.086395
4190,0.085006
4191,0.088845
4192,0.1068
4193,0.12592
4194,0.13261
4195,0.13725
4196,0.1377
4197,0.14518
4198,0.15053
4199,0.15062
4200,0.15139
4201,0.15775
4202,0.15974
4203,0.16183
4204,0.16176
4205,0.16849
4206,0.17037
4207,0.17274
4208,0.16923
4209,0.16674
4210,0.16779
4211,0.16931
4212,0.17347
4213,0.16911
4214,0.1677
4215,0.17305
4216,0.18307
4217,0.18784
4218,0.18133
4219,0.16575
4220,0.15425
4221,0.15388
4222,0.1586
4223,0.16074
4224,0.15609
4225,0.14437
4226,0.13317
4227,0.11971
4228,0.10515
4229,0.10343
4230,0.11242
4231,0.12025
4232,0.1112
4233,0.10856
4234,0.12068
4235,0.13412
4236,0.14675
4237,0.1593
4238,0.16581
4239,0.16861
4240,0.17532
4241,0.17025
4242,0.17772
4243,0.1885
4244,0.20171
4245,0.20967
4246,0.21286
4247,0.20792
4248,0.2087
4249,0.22011
4250,0.22529
4251,0.23317
4252,0.24331
4253,0.24046
4254,0.25537
4255,0.2539
4256,0.26115
4257,0.26729
4258,0.2783
4259,0.28454
4260,0.28737
4261,0.29278
4262,0.29289
4263,0.30219
4264,0.31741
4265,0.33215
4266,0.34366
4267,0.3488
4268,0.35628
4269,0.35794
4270,0.36594
4271,0.3722
4272,0.36419
4273,0.36503
4274,0.37288
4275,0.37433
4276,0.36897
4277,0.36634
4278,0.36285
4279,0.35712
4280,0.37383
4281,0.38055
4282,0.38427
4283,0.3853
4284,0.3816
4285,0.37741
4286,0.37262
4287,0.37239
4288,0.36995
4289,0.36883
4290,0.37343
4291,0.38339
4292,0.39244
4293,0.39007
4294,0.39577
4295,0.39989
4296,0.40287
4297,0.41472
4298,0.41961
4299,0.43041
4300,0.4325
4301,0.4298
4302,0.42267
4303,0.41878
4304,0.41421
4305,0.41937
4306,0.41438
4307,0.40433
4308,0.38721
4309,0.37065
4310,0.35156
4311,0.34383
4312,0.33413
4313,0.32207
4314,0.30829
4315,0.29269
4316,0.28414
4317,0.2834
4318,0.28562
4319,0.27701
4320,0.28242
4321,0.28084
4322,0.28302
4323,0.28331
4324,0.2803
4325,0.27543
4326,0.27343
4327,0.26357
4328,0.25616
4329,0.25826
4330,0.25325
4331,0.2519
4332,0.24936
4333,0.24902
4334,0.24787
4335,0.24927
4336,0.24912
4337,0.2499
4338,0.25204
4339,0.25019
4340,0.24635
4341,0.24499
4342,0.25413
4343,0.2608
4344,0.25953
4345,0.25281
4346,0.25121
4347,0.2426
4348,0.23929
4349,0.2349
4350,0.23063
4351,0.22011
4352,0.20212
4353,0.18971
4354,0.16876
4355,0.15285
4356,0.15499
4357,0.15482
4358,0.14605
4359,0.13167
4360,0.1193
4361,0.10835
4362,0.093857
4363,0.082895
4364,0.074136
4365,0.065587
4366,0.055567
4367,0.047822
4368,0.047876
4369,0.046369
4370,0.041179
4371,0.03354
4372,0.023784
4373,0.018671
4374,0.0091985
4375,-0.0091227
4376,-0.009154
4377,-0.016726
4378,-0.020957
4379,-0.021408
4380,-0.028203
4381,-0.030073
4382,-0.026191
4383,-0.032356
4384,-0.043105
4385,-0.038715
4386,-0.046887
4387,-0.058966
4388,-0.057497
4389,-0.057158
4390,-0.05532
4391,-0.054992
4392,-0.050403
4393,-0.036777
4394,-0.029983
4395,-0.027936
4396,-0.027605
4397,-0.028622
4398,-0.025139
4399,-0.026726
4400,-0.022957
4401,-0.020791
4402,-0.037015
4403,-0.037989
4404,-0.03033
4405,-0.022943
4406,-0.029185
4407,-0.035991
4408,-0.030202
4409,-0.03265
4410,-0.031335
4411,-0.025263
4412,-0.013748
4413,-0.0024622
4414,0.0042913
4415,0.0045864
4416,-0.011628
4417,-0.018246
4418,-0.013697
4419,-0.0092486
4420,-0.0016513
4421,0.0051196
4422,0.0051078
4423,-0.005708
4424,-0.011194
4425,-0.014233
4426,-0.017308
4427,-0.021642
4428,-0.025749
4429,-0.025395
4430,-0.035405
4431,-0.046974
4432,-0.048314
4433,-0.051435
4434,-0.043813
4435,-0.039827
4436,-0.04123
4437,-0.029742
4438,-0.012377
4439,-0.0011786
4440,-0.0051285
4441,-0.0080292
4442,-0.013831
4443,-0.017247
4444,-0.0086004
4445,0.0031737
4446,-0.0029919
4447,-0.0028441
4448,-0.015308
4449,-0.025758
4450,-0.023661
4451,-0.022839
4452,-0.016882
4453,-0.013402
4454,-0.023677
4455,-0.028159
4456,-0.040325
4457,-0.043212
4458,-0.033805
4459,-0.03614
4460,-0.027657
4461,-0.018734
4462,-0.01424
4463,-0.012273
4464,-0.010194
4465,-0.0091098
4466,-0.011401
4467,-0.012649
4468,-0.016678
4469,-0.016993
4470,-0.014413
4471,-0.019383
4472,-0.025552
4473,-0.021679
4474,-0.024742
4475,-0.035374
4476,-0.045555
4477,-0.047695
4478,-0.052544
4479,-0.036696
4480,-0.029954
4481,-0.017471
4482,-0.0018632
4483,0.015864
4484,0.011308
4485,0.016823
4486,0.01299
4487,0.010864
4488,0.018091
4489,0.023665
4490,0.015041
4491,0.015423
4492,0.01532
4493,0.026659
4494,0.031959
4495,0.038218
4496,0.038736
4497,0.042791
4498,0.059626
4499,0.065482
4500,0.062361
4501,0.064646
4502,0.063943
4503,0.0706
4504,0.080404
4505,0.07466
4506,0.072381
4507,0.07976
4508,0.074709
4509,0.080631
4510,0.086189
4511,0.092712
4512,0.087978
4513,0.084748
4514,0.07394
4515,0.067555
4516,0.059838
4517,0.047685
4518,0.051922
4519,0.052948
4520,0.058291
4521,0.063123
4522,0.068621
4523,0.06886
4524,0.066359
4525,0.068222
4526,0.078421
4527,0.081967
4528,0.080846
4529,0.074812
4530,0.07815
4531,0.075273
4532,0.066831
4533,0.052926
4534,0.040625
4535,0.03813
4536,0.030427
4537,0.022602
4538,0.018466
4539,0.021661
4540,0.020701
4541,0.02405
4542,0.033752
4543,0.036299
4544,0.038627
4545,0.035568
4546,0.038698
4547,0.03549
4548,0.03599
4549,0.035889
4550,0.02789
4551,0.025797
4552,0.028631
4553,0.015655
4554,-0.0013763
4555,-0.0023922
4556,0.0034232
4557,0.0084211
4558,-0.0025172
4559,-0.0063141
