0,-0.033243
1,-0.028495
2,-0.029954
3,-0.026717
4,-0.027337
5,-0.021232
6,-0.016245
7,-0.019198
8,-0.019577
9,-0.023907
10,-0.022924
11,-0.026828
12,-0.031861
13,-0.032483
14,-0.039688
15,-0.046836
16,-0.050156
17,-0.046766
18,-0.040726
19,-0.036971
20,-0.037516
21,-0.041009
22,-0.040499
23,-0.041376
24,-0.042978
25,-0.046684
26,-0.045547
27,-0.040005
28,-0.038867
29,-0.036046
30,-0.030905
31,-0.0314
32,-0.02601
33,-0.021901
34,-0.02631
35,-0.024736
36,-0.020183
37,-0.023769
38,-0.018959
39,-0.014901
40,-0.017781
41,-0.0082602
42,-0.007046
43,-0.017484
44,-0.015697
45,-0.018225
46,-0.017143
47,-0.0054768
48,-0.0094341
49,-0.01047
50,-0.0028015
51,-0.0055671
52,-0.0090878
53,-0.0093941
54,-0.0097353
55,-0.0010455
56,0.0062288
57,0.003425
58,0.0048039
59,0.0067654
60,0.0099683
61,0.008781
62,0.0032513
63,-0.0061311
64,-0.010311
65,-0.016458
66,-0.014181
67,-0.014684
68,-0.017676
69,-0.025466
70,-0.023375
71,-0.024461
72,-0.028836
73,-0.026451
74,-0.021776
75,-0.013823
76,-0.0082079
77,-0.0088127
78,-0.0041724
79,0.0010739
80,0.0041099
81,0.0095155
82,0.0096745
83,0.01381
84,0.01264
85,0.0057186
86,0.0038303
87,-0.0014571
88,0.001217
89,0.0091231
90,0.013649
91,0.0103
92,0.018292
93,0.014873
94,0.017475
95,0.017652
96,0.01199
97,0.01548
98,0.018228
99,0.019461
100,0.012564
101,0.015667
102,0.013534
103,0.012765
104,0.015848
105,0.017218
106,0.024195
107,0.019183
108,0.013062
109,0.0065431
110,0.012769
111,0.015099
112,0.010109
113,0.0047638
114,-0.00028301
115,-0.0072592
116,-0.0011872
117,-0.0095474
118,-0.011313
119,-0.0080101
120,-0.0028563
121,-0.0012958
122,-0.0014635
123,-0.0067318
124,-0.0098745
125,-0.019002
126,-0.025901
127,-0.035032
128,-0.03732
129,-0.038908
130,-0.040233
131,-0.038642
132,-0.041575
133,-0.037563
134,-0.037306
135,-0.041053
136,-0.040532
137,-0.043846
138,-0.036211
139,-0.039899
140,-0.039336
141,-0.035931
142,-0.029536
143,-0.028145
144,-0.028789
145,-0.032414
146,-0.028391
147,-0.030399
148,-0.033851
149,-0.039011
150,-0.042968
151,-0.040789
152,-0.039515
153,-0.047718
154,-0.05431
155,-0.05284
156,-0.049558
157,-0.049348
158,-0.050733
159,-0.053961
160,-0.061199
161,-0.065334
162,-0.06513
163,-0.063293
164,-0.061042
165,-0.062514
166,-0.064759
167,-0.073652
168,-0.074939
169,-0.079389
170,-0.090097
171,-0.089733
172,-0.083536
173,-0.084009
174,-0.084268
175,-0.084196
176,-0.081151
177,-0.07528
178,-0.075067
179,-0.080989
180,-0.073518
181,-0.068066
182,-0.063885
183,-0.059649
184,-0.062875
185,-0.062501
186,-0.059746
187,-0.061462
188,-0.067922
189,-0.068761
190,-0.066223
191,-0.062153
192,-0.063364
193,-0.064483
194,-0.05837
195,-0.05713
196,-0.050787
197,-0.050154
198,-0.044034
199,-0.047798
200,-0.050075
201,-0.047346
202,-0.042848
203,-0.050892
204,-0.053057
205,-0.054326
206,-0.049356
207,-0.051423
208,-0.055655
209,-0.060569
210,-0.074188
211,-0.072342
212,-0.075958
213,-0.07987
214,-0.077803
215,-0.075787
216,-0.06288
217,-0.059953
218,-0.054722
219,-0.049608
220,-0.038313
221,-0.032127
222,-0.03468
223,-0.030062
224,-0.025261
225,-0.026435
226,-0.020253
227,-0.017979
228,-0.011566
229,-0.0096235
230,-0.01437
231,-0.010018
232,-0.0016276
233,0.0038895
234,0.017827
235,0.015416
236,0.0044469
237,0.0026219
238,-0.0015824
239,0.0026664
240,-0.0060525
241,-0.0042632
242,-0.0092838
243,-0.0063989
244,-0.011421
245,-0.015061
246,-0.023808
247,-0.03024
248,-0.026757
249,-0.028993
250,-0.03194
251,-0.033747
252,-0.030253
253,-0.026736
254,-0.031036
255,-0.033541
256,-0.035607
257,-0.028629
258,-0.016799
259,-0.015204
260,-0.015063
261,-0.01453
262,-0.01588
263,-0.010295
264,-0.0044746
265,-0.0079244
266,-0.0072346
267,-0.0037125
268,-0.0074744
269,-0.0061965
270,-0.0037524
271,-0.006567
272,-0.0016971
273,-0.0088813
274,-0.01342
275,-0.01456
276,-0.019284
277,-0.024601
278,-0.029804
279,-0.024458
280,-0.026519
281,-0.030382
282,-0.038377
283,-0.041644
284,-0.04048
285,-0.04263
286,-0.044149
287,-0.048245
288,-0.040841
289,-0.034781
290,-0.031604
291,-0.032614
292,-0.034694
293,-0.027144
294,-0.024381
295,-0.019966
296,-0.017871
297,-0.022278
298,-0.014923
299,-0.019559
300,-0.028253
301,-0.030258
302,-0.017414
303,-0.013826
304,-0.015889
305,-0.015072
306,-0.0074296
307,-0.014668
308,-0.010877
309,-0.0074963
310,-0.013787
311,-0.010346
312,-0.010361
313,-0.010987
314,-0.0067621
315,-0.0032601
316,-0.0049319
317,0.0014456
318,0.0032362
319,0.0086755
320,0.0067567
321,0.0088039
322,0.0054266
323,0.010692
324,0.011816
325,0.010138
326,0.0076256
327,-0.0018533
328,-0.0032449
329,-0.0012569
330,-0.0011414
331,-0.0037902
332,-0.0060164
333,-0.0013634
334,-0.0077424
335,-0.0093164
336,-0.010942
337,-0.0045106
338,-0.0051884
339,-0.0083969
340,-0.016123
341,-0.020147
342,-0.026112
343,-0.026594
344,-0.022899
345,-0.013145
346,-0.012291
347,-0.0084867
348,-0.0059197
349,-0.0011178
350,-0.0085574
351,-0.015645
352,-0.012722
353,-0.0093536
354,-0.011215
355,-0.0074116
356,-0.01248
357,-0.014617
358,-0.01389
359,-0.0080984
360,-0.01465
361,-0.017825
362,-0.015161
363,-0.011784
364,-0.014887
365,-0.01455
366,-0.018792
367,-0.01999
368,-0.015659
369,-0.0075237
370,-0.0060499
371,-0.0025316
372,-0.0037178
373,-0.0048613
374,-0.0021599
375,-0.0034015
376,-0.010845
377,-0.0054807
378,-0.0018359
379,-0.002511
380,-0.00066494
381,0.0050332
382,0.0049653
383,0.0025025
384,0.0039857
385,0.0024558
386,0.0075969
387,0.01055
388,0.010981
389,0.0093168
390,0.026642
391,0.0282
392,0.02824
393,0.037026
394,0.040209
395,0.039675
396,0.032489
397,0.031545
398,0.033356
399,0.031381
400,0.026952
401,0.029096
402,0.027732
403,0.024164
404,0.02725
405,0.027351
406,0.028369
407,0.030646
408,0.025775
409,0.019146
410,0.018586
411,0.014461
412,0.013572
413,0.0093316
414,0.0054966
415,0.0072987
416,0.011469
417,0.013933
418,0.012584
419,0.009851
420,0.01104
421,0.01722
422,0.01179
423,0.005893
424,0.0048866
425,0.010163
426,0.01305
427,0.01212
428,0.015668
429,0.019241
430,0.0088777
431,0.0065185
432,0.0050406
433,0.0024716
434,0.008965
435,0.0085844
436,0.0041704
437,0.0069628
438,0.013045
439,0.023149
440,0.027025
441,0.029296
442,0.033219
443,0.038392
444,0.041226
445,0.041172
446,0.044744
447,0.035943
448,0.033724
449,0.033966
450,0.033844
451,0.035443
452,0.039696
453,0.04224
454,0.041462
455,0.040658
456,0.038045
457,0.037811
458,0.037612
459,0.041343
460,0.042634
461,0.048981
462,0.047543
463,0.048207
464,0.049855
465,0.055559
466,0.050237
467,0.047735
468,0.046197
469,0.044834
470,0.043918
471,0.042615
472,0.046724
473,0.047403
474,0.053694
475,0.054816
476,0.047128
477,0.051856
478,0.047185
479,0.046587
480,0.04638
481,0.053813
482,0.059981
483,0.061833
484,0.065662
485,0.061808
486,0.055838
487,0.055052
488,0.056572
489,0.054418
490,0.05648
491,0.056838
492,0.066636
493,0.071747
494,0.066156
495,0.063612
496,0.06137
497,0.0622
498,0.053734
499,0.056183
500,0.049653
501,0.044901
502,0.044577
503,0.043065
504,0.052187
505,0.056946
506,0.055204
507,0.054888
508,0.046304
509,0.045017
510,0.048721
511,0.055309
512,0.05926
513,0.059931
514,0.061167
515,0.064838
516,0.067285
517,0.072712
518,0.071498
519,0.073219
520,0.077521
521,0.081242
522,0.090829
523,0.097194
524,0.096713
525,0.096718
526,0.097572
527,0.097711
528,0.10131
529,0.097726
530,0.10428
531,0.11088
532,0.11821
533,0.12469
534,0.13178
535,0.139
536,0.13484
537,0.13339
538,0.1373
539,0.12354
540,0.11991
541,0.12092
542,0.11851
543,0.12128
544,0.12289
545,0.12269
546,0.11816
547,0.11383
548,0.10859
549,0.098384
550,0.096565
551,0.097508
552,0.09485
553,0.098691
554,0.098403
555,0.098408
556,0.088863
557,0.089217
558,0.08767
559,0.090695
560,0.091425
561,0.097173
562,0.097477
563,0.085797
564,0.079018
565,0.078366
566,0.075446
567,0.073475
568,0.070301
569,0.066005
570,0.057364
571,0.047081
572,0.048936
573,0.040534
574,0.033209
575,0.028646
576,0.023219
577,0.02562
578,0.019405
579,0.016368
580,0.017319
581,0.022207
582,0.028316
583,0.034096
584,0.029229
585,0.033898
586,0.031369
587,0.025699
588,0.019816
589,0.029366
590,0.04273
591,0.03668
592,0.034454
593,0.037038
594,0.034979
595,0.032958
596,0.037135
597,0.032687
598,0.021374
599,0.0074588
600,0.011451
601,0.018354
602,0.013982
603,0.013052
604,0.018792
605,0.018235
606,0.022093
607,0.01754
608,0.019783
609,0.021094
610,0.019975
611,0.019459
612,0.01232
613,0.010408
614,0.0079282
615,0.0069245
616,0.011392
617,0.01271
618,0.0071906
619,0.0048108
620,0.002165
621,-0.0011935
622,-0.0021087
623,0.0068664
624,0.0015582
625,-0.0040316
626,-0.0084648
627,-0.0078811
628,-0.0075288
629,-0.013132
630,-0.011914
631,-0.015434
632,-0.012908
633,-0.0094446
634,-0.012506
635,-0.016983
636,-0.023867
637,-0.017759
638,-0.010918
639,-0.012663
640,-0.015061
641,-0.017973
642,-0.010612
643,-0.0083989
644,-0.0025485
645,-0.0063172
646,-0.0054599
647,-0.00277
648,0.0049741
649,0.0047109
650,0.0050734
651,0.0085357
652,-0.0013473
653,-0.0093447
654,-0.0066425
655,-0.0082739
656,-0.0013016
657,-0.0030787
658,-0.0046334
659,-0.0058985
660,0.0011213
661,0.0093538
662,0.00047591
663,0.0015274
664,0.0031041
665,-0.0027185
666,-0.0061729
667,-0.0019427
668,-0.0051
669,-0.010122
670,-0.011419
671,-0.0099495
672,-0.010043
673,-0.00895
674,-0.0097009
675,-0.014141
676,-0.019988
677,-0.020799
678,-0.014215
679,-0.0012288
680,3.4846e-05
681,-0.008768
682,-0.018153
683,-0.019059
684,-0.014373
685,-0.011308
686,-0.011036
687,-0.0074759
688,-0.0070256
689,-0.0022418
690,0.0062938
691,-0.0051129
692,-0.0019236
693,0.0014971
694,0.0022197
695,-0.012622
696,-0.016559
697,-0.019855
698,-0.012686
699,-0.018259
700,-0.017682
701,-0.019776
702,-0.02596
703,-0.024341
704,-0.026728
705,-0.025106
706,-0.02405
707,-0.031446
708,-0.025771
709,-0.027438
710,-0.029265
711,-0.03103
712,-0.034197
713,-0.039696
714,-0.037732
715,-0.028311
716,-0.024052
717,-0.017177
718,-0.010268
719,-0.0094051
720,-0.0051313
721,0.00063204
722,0.0030795
723,0.0079915
724,0.011147
725,0.015619
726,0.015149
727,0.007121
728,0.0065375
729,0.0074689
730,0.0060455
731,0.0045956
732,-0.00070469
733,-0.0094335
734,-0.0086229
735,-0.003094
736,-0.0068827
737,-0.020157
738,-0.027696
739,-0.03092
740,-0.032307
741,-0.028204
742,-0.027328
743,-0.029381
744,-0.025357
745,-0.023679
746,-0.020125
747,-0.019671
748,-0.020062
749,-0.016979
750,-0.018525
751,-0.022051
752,-0.023974
753,-0.028322
754,-0.03214
755,-0.038069
756,-0.040611
757,-0.039928
758,-0.038556
759,-0.035224
760,-0.036921
761,-0.042373
762,-0.042909
763,-0.050173
764,-0.057503
765,-0.057319
766,-0.060283
767,-0.057312
768,-0.059465
769,-0.055635
770,-0.060173
771,-0.061119
772,-0.062306
773,-0.061205
774,-0.059872
775,-0.059678
776,-0.058243
777,-0.062928
778,-0.067069
779,-0.062865
780,-0.063001
781,-0.052383
782,-0.044972
783,-0.043174
784,-0.042054
785,-0.043226
786,-0.036556
787,-0.038675
788,-0.037289
789,-0.037621
790,-0.035824
791,-0.031619
792,-0.034304
793,-0.027827
794,-0.026421
795,-0.027135
796,-0.027229
797,-0.030013
798,-0.028811
799,-0.029593
800,-0.031567
801,-0.031539
802,-0.03578
803,-0.040053
804,-0.043057
805,-0.04386
806,-0.039964
807,-0.032778
808,-0.033274
809,-0.026397
810,-0.026712
811,-0.024979
812,-0.025921
813,-0.014182
814,-0.0074434
815,-0.008463
816,-0.011342
817,-0.010996
818,-0.0097219
819,-0.011006
820,-0.0042321
821,-0.0055004
822,-0.0046925
823,-0.0018041
824,0.0073031
825,0.0085761
826,0.0094828
827,0.014467
828,0.015671
829,0.021038
830,0.017128
831,0.020467
832,0.019324
833,0.018352
834,0.020489
835,0.016682
836,0.014633
837,0.019223
838,0.024884
839,0.021612
840,0.032132
841,0.029088
842,0.025257
843,0.021146
844,0.024819
845,0.020694
846,0.013351
847,0.005556
848,0.013403
849,0.020358
850,0.01768
851,0.0090182
852,-0.0030359
853,-0.006427
854,-0.007912
855,0.00060097
856,0.011522
857,0.010398
858,0.0015348
859,-0.0033873
860,0.000381
861,-0.00033165
862,0.0044138
863,0.011181
864,0.015826
865,0.021048
866,0.017113
867,0.011417
868,0.010088
869,0.008849
870,0.0092859
871,0.013471
872,0.024344
873,0.027021
874,0.02945
875,0.031816
876,0.028416
877,0.023757
878,0.029973
879,0.02596
880,0.024059
881,0.025348
882,0.025208
883,0.025255
884,0.02001
885,0.025976
886,0.024563
887,0.020143
888,0.02155
889,0.026662
890,0.026692
891,0.022649
892,0.031612
893,0.02922
894,0.030647
895,0.030519
896,0.026778
897,0.02643
898,0.023182
899,0.020764
900,0.016311
901,0.017339
902,0.015553
903,0.0092489
904,0.012249
905,0.010419
906,0.0054405
907,0.0015734
908,0.00080931
909,-0.0020055
910,-0.0038797
911,-0.0069852
912,-0.0056593
913,-0.013475
914,-0.01665
915,-0.019528
916,-0.016156
917,-0.023585
918,-0.027975
919,-0.02735
920,-0.031079
921,-0.035784
922,-0.039005
923,-0.043471
924,-0.045821
925,-0.042308
926,-0.035259
927,-0.030049
928,-0.020142
929,-0.017615
930,-0.018176
931,-0.022406
932,-0.027615
933,-0.039946
934,-0.043544
935,-0.050007
936,-0.049245
937,-0.0472
938,-0.043794
939,-0.041441
940,-0.051586
941,-0.050958
942,-0.050805
943,-0.054124
944,-0.064623
945,-0.068727
946,-0.066093
947,-0.068148
948,-0.071493
949,-0.072133
950,-0.067452
951,-0.069239
952,-0.073058
953,-0.068707
954,-0.06615
955,-0.065981
956,-0.061022
957,-0.051977
958,-0.044692
959,-0.040897
960,-0.038641
961,-0.044257
962,-0.047801
963,-0.042293
964,-0.045885
965,-0.050071
966,-0.050839
967,-0.057656
968,-0.068976
969,-0.070489
970,-0.069585
971,-0.066139
972,-0.063563
973,-0.057676
974,-0.050429
975,-0.04854
976,-0.052922
977,-0.048164
978,-0.049028
979,-0.040578
980,-0.033212
981,-0.03822
982,-0.042134
983,-0.044972
984,-0.045571
985,-0.0521
986,-0.041439
987,-0.033914
988,-0.025764
989,-0.026084
990,-0.020196
991,-0.020313
992,-0.021029
993,-0.011152
994,-0.010094
995,-0.01019
996,-0.011382
997,-0.013123
998,-0.017426
999,-0.016265
1000,-0.017996
1001,-0.021878
1002,-0.021255
1003,-0.023991
1004,-0.017534
1005,-0.014084
1006,-0.02404
1007,-0.034121
1008,-0.029598
1009,-0.028626
1010,-0.029156
1011,-0.029608
1012,-0.026349
1013,-0.027972
1014,-0.032833
1015,-0.038178
1016,-0.035988
1017,-0.034991
1018,-0.034175
1019,-0.030376
1020,-0.028702
1021,-0.026745
1022,-0.034582
1023,-0.031405
1024,-0.023867
1025,-0.019587
1026,-0.020172
1027,-0.02372
1028,-0.035811
1029,-0.036305
1030,-0.038692
1031,-0.038402
1032,-0.037306
1033,-0.035527
1034,-0.040291
1035,-0.035869
1036,-0.038117
1037,-0.037945
1038,-0.044366
1039,-0.038276
1040,-0.039404
1041,-0.04648
1042,-0.035892
1043,-0.028808
1044,-0.035739
1045,-0.032748
1046,-0.037187
1047,-0.034992
1048,-0.036274
1049,-0.039699
1050,-0.035717
1051,-0.03289
1052,-0.034415
1053,-0.037798
1054,-0.040832
1055,-0.040413
1056,-0.031304
1057,-0.025376
1058,-0.032608
1059,-0.033311
1060,-0.03518
1061,-0.031953
1062,-0.033426
1063,-0.033994
1064,-0.027784
1065,-0.030659
1066,-0.033824
1067,-0.028545
1068,-0.028525
1069,-0.027381
1070,-0.020578
1071,-0.017679
1072,-0.016061
1073,-0.015459
1074,-0.014908
1075,-0.015159
1076,-0.0094246
1077,-0.0086426
1078,-0.00031313
1079,0.0044058
1080,0.0070207
1081,0.010284
1082,0.0022344
1083,-0.00067304
1084,0.0028103
1085,-0.0014324
1086,0.0020446
1087,-0.00064602
1088,-0.0048466
1089,-0.0043565
1090,-0.0073556
1091,-0.0076756
1092,-0.0062119
1093,-0.0059518
1094,-0.0065435
1095,-0.0085656
1096,-0.0098704
1097,-0.014759
1098,-0.015662
1099,-0.013889
1100,-0.010979
1101,-0.0078731
1102,-0.0076321
1103,-0.0059779
1104,-0.011467
1105,-0.014164
1106,-0.023153
1107,-0.027807
1108,-0.023532
1109,-0.017315
1110,-0.014982
1111,-0.013542
1112,-0.015012
1113,-0.016037
1114,-0.01524
1115,-0.016469
1116,-0.018441
1117,-0.024425
1118,-0.016856
1119,-0.011884
1120,-0.0092667
1121,-0.0080904
1122,-0.0074862
1123,-0.011253
1124,-0.014926
1125,-0.013496
1126,-0.0049454
1127,-0.0028234
1128,0.0047694
1129,-0.0023646
1130,-0.0043891
1131,-0.0011851
1132,-0.0014131
1133,-0.00069054
1134,0.0027064
1135,0.0025827
1136,0.0064881
1137,0.01507
1138,0.01021
1139,0.0068222
1140,-0.010591
1141,-0.0072375
1142,-0.007923
1143,-0.0060796
1144,-0.013358
1145,-0.010721
1146,-0.0039321
1147,0.0046577
1148,0.011282
1149,0.018032
1150,0.02012
1151,0.022566
1152,0.024892
1153,0.025779
1154,0.025238
1155,0.023973
1156,0.020701
1157,0.027497
1158,0.028668
1159,0.024409
1160,0.023365
1161,0.028691
1162,0.031924
1163,0.033839
1164,0.030658
1165,0.022308
1166,0.020327
1167,0.019228
1168,0.022623
1169,0.03129
1170,0.03385
1171,0.030061
1172,0.025422
1173,0.03231
1174,0.031738
1175,0.031129
1176,0.033797
1177,0.033864
1178,0.034506
1179,0.034871
1180,0.031078
1181,0.020301
1182,0.026251
1183,0.020739
1184,0.027325
1185,0.028274
1186,0.028928
1187,0.028526
1188,0.023738
1189,0.031553
1190,0.031292
1191,0.034972
1192,0.033988
1193,0.02378
1194,0.026187
1195,0.034542
1196,0.033774
1197,0.035267
1198,0.040319
1199,0.039476
1200,0.041841
1201,0.045173
1202,0.045226
1203,0.052056
1204,0.049375
1205,0.044925
1206,0.045881
1207,0.039447
1208,0.033414
1209,0.038176
1210,0.037825
1211,0.046121
1212,0.046033
1213,0.04462
1214,0.041675
1215,0.034711
1216,0.027354
1217,0.031846
1218,0.040873
1219,0.054249
1220,0.059758
1221,0.061352
1222,0.053769
1223,0.048537
1224,0.049198
1225,0.055975
1226,0.061011
1227,0.061185
1228,0.056588
1229,0.053425
1230,0.061254
1231,0.066711
1232,0.068716
1233,0.062444
1234,0.050132
1235,0.041729
1236,0.04327
1237,0.040387
1238,0.050106
1239,0.050536
1240,0.044943
1241,0.041984
1242,0.038853
1243,0.047094
1244,0.049323
1245,0.04732
1246,0.044387
1247,0.045507
1248,0.043662
1249,0.041451
1250,0.033789
1251,0.04033
1252,0.039141
1253,0.039331
1254,0.043859
1255,0.049021
1256,0.053327
1257,0.046708
1258,0.043933
1259,0.040784
1260,0.046275
1261,0.03875
1262,0.034477
1263,0.037342
1264,0.032481
1265,0.025779
1266,0.023008
1267,0.021045
1268,0.022091
1269,0.025399
1270,0.034533
1271,0.041876
1272,0.042469
1273,0.041555
1274,0.045004
1275,0.03477
1276,0.034976
1277,0.034432
1278,0.02991
1279,0.026298
1280,0.019752
1281,0.021241
1282,0.015237
1283,0.011946
1284,0.0094309
1285,0.0062708
1286,0.0081731
1287,0.013543
1288,0.013238
1289,0.021101
1290,0.020442
1291,0.01832
1292,0.022993
1293,0.028359
1294,0.024505
1295,0.019817
1296,0.032106
1297,0.039064
1298,0.044564
1299,0.049781
1300,0.053042
1301,0.041468
1302,0.034951
1303,0.034933
1304,0.031906
1305,0.031684
1306,0.024406
1307,0.016541
1308,0.0069311
1309,0.0047322
1310,0.0081712
1311,0.004395
1312,0.0059061
1313,0.0072475
1314,0.00015883
1315,0.0028832
1316,0.0026989
1317,0.00061876
1318,0.0013191
1319,-0.00080042
1320,0.00388
1321,0.0047264
1322,0.0053462
1323,0.0085034
1324,0.0064901
1325,0.0077537
1326,0.011411
1327,0.0188
1328,0.023049
1329,0.032863
1330,0.040693
1331,0.042049
1332,0.045119
1333,0.044566
1334,0.033489
1335,0.03454
1336,0.035059
1337,0.031574
1338,0.025672
1339,0.021631
1340,0.010067
1341,0.0015069
1342,0.00085018
1343,0.003
1344,0.0076399
1345,0.0078
1346,0.0045956
1347,-0.0026787
1348,0.00095711
1349,-0.0094178
1350,-0.018639
1351,-0.030116
1352,-0.0365
1353,-0.040193
1354,-0.036582
1355,-0.036845
1356,-0.04126
1357,-0.044279
1358,-0.044715
1359,-0.05604
1360,-0.051675
1361,-0.05183
1362,-0.050542
1363,-0.046397
1364,-0.047589
1365,-0.044627
1366,-0.038721
1367,-0.044514
1368,-0.041443
1369,-0.03913
1370,-0.032049
1371,-0.037001
1372,-0.037761
1373,-0.032848
1374,-0.034449
1375,-0.041498
1376,-0.052245
1377,-0.05183
1378,-0.05358
1379,-0.050143
1380,-0.051842
1381,-0.054045
1382,-0.050903
1383,-0.056514
1384,-0.063088
1385,-0.059384
1386,-0.049902
1387,-0.053916
1388,-0.057834
1389,-0.064131
1390,-0.066838
1391,-0.072707
1392,-0.063915
1393,-0.069059
1394,-0.070444
1395,-0.072737
1396,-0.074165
1397,-0.074111
1398,-0.074502
1399,-0.073418
1400,-0.078073
1401,-0.077268
1402,-0.067775
1403,-0.058845
1404,-0.072556
1405,-0.082748
1406,-0.079012
1407,-0.077467
1408,-0.071474
1409,-0.064324
1410,-0.054797
1411,-0.055496
1412,-0.052624
1413,-0.051232
1414,-0.04886
1415,-0.051985
1416,-0.059878
1417,-0.057449
1418,-0.057486
1419,-0.055395
1420,-0.048597
1421,-0.044222
1422,-0.045652
1423,-0.045691
1424,-0.045146
1425,-0.039694
1426,-0.041294
1427,-0.045707
1428,-0.044656
1429,-0.03803
1430,-0.03338
1431,-0.024697
1432,-0.022161
1433,-0.021701
1434,-0.0181
1435,-0.01707
1436,-0.013364
1437,-0.0163
1438,-0.0063666
1439,-0.0089698
1440,-0.0069475
1441,-0.011571
1442,-0.011513
1443,-0.0087244
1444,-0.010254
1445,-0.0028751
1446,-0.0023352
1447,0.00073497
1448,-0.0023359
1449,-0.0054736
1450,-0.0045412
1451,-0.0032686
1452,-0.0078855
1453,-0.0053799
1454,-0.0012544
1455,0.0047485
1456,0.00088414
1457,0.00010506
1458,0.00091905
1459,0.0085649
1460,0.0018335
1461,0.010735
1462,0.011932
1463,0.012081
1464,0.013845
1465,0.018394
1466,0.017775
1467,0.016234
1468,0.019639
1469,0.022794
1470,0.023521
1471,0.025242
1472,0.019869
1473,0.021458
1474,0.02639
1475,0.030985
1476,0.031092
1477,0.0392
1478,0.042175
1479,0.051675
1480,0.061334
1481,0.059818
1482,0.066126
1483,0.064121
1484,0.060187
1485,0.059221
1486,0.056862
1487,0.05998
1488,0.05875
1489,0.058387
1490,0.056292
1491,0.056399
1492,0.052111
1493,0.053987
1494,0.046178
1495,0.040375
1496,0.034928
1497,0.03427
1498,0.036895
1499,0.03308
1500,0.034525
1501,0.041093
1502,0.037788
1503,0.033468
1504,0.029795
1505,0.021632
1506,0.01885
1507,0.01903
1508,0.02326
1509,0.019227
1510,0.023355
1511,0.026374
1512,0.025735
1513,0.025199
1514,0.022902
1515,0.021975
1516,0.023204
1517,0.024709
1518,0.022101
1519,0.018515
1520,0.020815
1521,0.015135
1522,0.012721
1523,0.011811
1524,0.011976
1525,0.0091909
1526,0.013703
1527,0.010724
1528,0.012585
1529,0.011748
1530,0.014727
1531,0.0092311
1532,0.0049095
1533,-0.00085036
1534,0.00031345
1535,0.0045704
1536,0.0027646
1537,0.0059703
1538,0.011502
1539,0.011964
1540,0.0070508
1541,0.0067052
1542,0.0057367
1543,0.0050921
1544,0.00080739
1545,-0.0060788
1546,-0.0093095
1547,-0.0068015
1548,-0.0049712
1549,0.0029363
1550,0.0023187
1551,0.003584
1552,0.0096223
1553,0.016931
1554,0.019445
1555,0.014014
1556,0.020764
1557,0.018022
1558,0.013605
1559,0.015555
1560,0.015473
1561,0.021634
1562,0.020396
1563,0.010364
1564,0.0057138
1565,0.0004815
1566,0.0058249
1567,0.0033973
1568,0.0019221
1569,0.0014986
1570,-0.0034619
1571,-0.0049189
1572,-0.0025325
1573,0.0032985
1574,0.0062876
1575,0.01528
1576,0.01736
1577,0.010728
1578,0.011224
1579,0.014492
1580,0.0176
1581,0.016272
1582,0.019012
1583,0.018203
1584,0.018865
1585,0.013722
1586,0.012401
1587,0.0059404
1588,0.001326
1589,-0.0039342
1590,-0.00094854
1591,-0.0012894
1592,-0.008318
1593,-0.01082
1594,-0.015788
1595,-0.023001
1596,-0.013578
1597,-0.013255
1598,-0.011066
1599,-0.016825
1600,-0.029587
1601,-0.030007
1602,-0.034897
1603,-0.033794
1604,-0.033159
1605,-0.037503
1606,-0.03335
1607,-0.035303
1608,-0.038717
1609,-0.031496
1610,-0.037145
1611,-0.03262
1612,-0.020467
1613,-0.018121
1614,-0.019321
1615,-0.011982
1616,-0.007034
1617,-0.012709
1618,-0.021879
1619,-0.028708
1620,-0.029484
1621,-0.036782
1622,-0.045288
1623,-0.047292
1624,-0.046973
1625,-0.048263
1626,-0.052333
1627,-0.055596
1628,-0.050115
1629,-0.043791
1630,-0.047484
1631,-0.044661
1632,-0.036299
1633,-0.039897
1634,-0.046133
1635,-0.037213
1636,-0.03367
1637,-0.023228
1638,-0.021202
1639,-0.022164
1640,-0.023121
1641,-0.029015
1642,-0.029871
1643,-0.030059
1644,-0.028751
1645,-0.026544
1646,-0.023236
1647,-0.018893
1648,-0.0176
1649,-0.01933
1650,-0.016117
1651,-0.015262
1652,-0.024386
1653,-0.028679
1654,-0.03078
1655,-0.022416
1656,-0.014433
1657,-0.017851
1658,-0.023165
1659,-0.024321
1660,-0.020738
1661,-0.02016
1662,-0.018001
1663,-0.01404
1664,-0.015787
1665,-0.0098935
1666,-0.012877
1667,-0.017939
1668,-0.018103
1669,-0.01091
1670,-0.011214
1671,-0.00084758
1672,-0.0069766
1673,-0.013051
1674,-0.011533
1675,-0.010757
1676,-0.010055
1677,-0.0061208
1678,-0.0056469
1679,-0.0041966
1680,0.0017831
1681,0.0041367
1682,0.0041885
1683,0.0087583
1684,0.012643
1685,0.016938
1686,0.015785
1687,0.012054
1688,0.0074928
1689,0.010548
1690,0.022931
1691,0.026255
1692,0.026875
1693,0.030863
1694,0.030614
1695,0.035941
1696,0.034802
1697,0.033505
1698,0.028116
1699,0.034025
1700,0.041967
1701,0.046865
1702,0.050336
1703,0.039309
1704,0.036747
1705,0.035836
1706,0.038043
1707,0.036239
1708,0.035004
1709,0.036561
1710,0.040555
1711,0.039643
1712,0.040618
1713,0.039577
1714,0.039104
1715,0.037077
1716,0.034845
1717,0.034236
1718,0.042372
1719,0.051376
1720,0.055203
1721,0.054299
1722,0.060854
1723,0.062587
1724,0.06342
1725,0.067562
1726,0.067657
1727,0.064381
1728,0.066045
1729,0.063557
1730,0.064674
1731,0.054796
1732,0.051952
1733,0.055992
1734,0.056338
1735,0.060369
1736,0.053597
1737,0.055599
1738,0.05489
1739,0.056491
1740,0.061249
1741,0.062041
1742,0.059003
1743,0.064476
1744,0.068043
1745,0.070804
1746,0.070494
1747,0.067921
1748,0.064852
1749,0.061562
1750,0.060392
1751,0.063154
1752,0.064495
1753,0.055335
1754,0.048923
1755,0.04592
1756,0.041984
1757,0.036096
1758,0.031734
1759,0.024625
1760,0.027865
1761,0.028775
1762,0.030584
1763,0.026148
1764,0.024878
1765,0.02638
1766,0.026648
1767,0.028191
1768,0.024703
1769,0.028531
1770,0.031809
1771,0.026316
1772,0.022029
1773,0.020051
1774,0.020725
1775,0.019726
1776,0.028814
1777,0.021837
1778,0.016024
1779,0.014105
1780,0.014835
1781,0.011457
1782,0.010906
1783,0.011687
1784,0.0090284
1785,0.009177
1786,0.0075975
1787,0.019314
1788,0.019013
1789,0.023201
1790,0.017337
1791,0.019356
1792,0.024911
1793,0.026417
1794,0.025121
1795,0.020809
1796,0.018489
1797,0.020332
1798,0.022135
1799,0.017514
1800,0.019075
1801,0.014988
1802,0.014466
1803,0.0092682
1804,0.018385
1805,0.023431
1806,0.028776
1807,0.035465
1808,0.039138
1809,0.033783
1810,0.039442
1811,0.04297
1812,0.040281
1813,0.046046
1814,0.043587
1815,0.038615
1816,0.0367
1817,0.034947
1818,0.041598
1819,0.042088
1820,0.04127
1821,0.040152
1822,0.042535
1823,0.045443
1824,0.042624
1825,0.04094
1826,0.041715
1827,0.039008
1828,0.044359
1829,0.041216
1830,0.030316
1831,0.036069
1832,0.040308
1833,0.049636
1834,0.051224
1835,0.047659
1836,0.046183
1837,0.041172
1838,0.040136
1839,0.039081
1840,0.03207
1841,0.032759
1842,0.03014
1843,0.02694
1844,0.020632
1845,0.023356
1846,0.023397
1847,0.024017
1848,0.031271
1849,0.030638
1850,0.031737
1851,0.035487
1852,0.026213
1853,0.019885
1854,0.01218
1855,0.014068
1856,0.0068894
1857,0.00049819
1858,-0.003092
1859,0.0021864
1860,0.0069365
1861,0.0049394
1862,0.0017205
1863,0.007114
1864,0.0050353
1865,0.0075448
1866,0.0052519
1867,-0.0022088
1868,-0.0067422
1869,-0.0089117
1870,-0.0044867
1871,0.00099026
1872,-0.00053794
1873,0.0020956
1874,0.0035625
1875,0.010598
1876,0.012298
1877,0.011574
1878,0.019042
1879,0.028533
1880,0.03219
1881,0.023374
1882,0.022206
1883,0.02064
1884,0.012597
1885,0.015104
1886,0.020009
1887,0.025805
1888,0.026807
1889,0.023666
1890,0.026686
1891,0.032525
1892,0.027853
1893,0.023366
1894,0.028111
1895,0.026548
1896,0.0249
1897,0.031794
1898,0.026432
1899,0.030349
1900,0.028758
1901,0.024151
1902,0.018492
1903,0.014584
1904,0.021986
1905,0.016535
1906,0.017112
1907,0.013135
1908,0.010648
1909,0.0090229
1910,0.0043861
1911,0.0033622
1912,-0.0033732
1913,-0.0037269
1914,-0.0069644
1915,5.6632e-05
1916,0.0087854
1917,0.012366
1918,0.015389
1919,0.0094889
1920,0.0037824
1921,0.0078271
1922,0.014523
1923,0.014323
1924,0.011308
1925,0.0094774
1926,0.0018035
1927,-0.0021796
1928,0.0012069
1929,0.0035295
1930,0.0054758
1931,0.0084118
1932,0.011915
1933,0.0088911
1934,0.0028739
1935,0.0037442
1936,0.00024326
1937,0.0046661
1938,0.0055503
1939,0.003448
1940,-0.0011056
1941,0.0031401
1942,0.0069755
1943,0.006703
1944,0.0050486
1945,0.00036386
1946,-0.00078786
1947,-0.012087
1948,-0.01136
1949,-0.015849
1950,-0.017444
1951,-0.016159
1952,-0.017373
1953,-0.015273
1954,-0.019954
1955,-0.02027
1956,-0.011746
1957,-0.013885
1958,-0.015845
1959,-0.014361
1960,-0.016608
1961,-0.027976
1962,-0.02971
1963,-0.034696
1964,-0.04022
1965,-0.039934
1966,-0.046919
1967,-0.0444
1968,-0.039808
1969,-0.034957
1970,-0.037703
1971,-0.030492
1972,-0.030187
1973,-0.027934
1974,-0.034193
1975,-0.031945
1976,-0.030497
1977,-0.033004
1978,-0.036209
1979,-0.041823
1980,-0.046013
1981,-0.039733
1982,-0.039889
1983,-0.035999
1984,-0.036162
1985,-0.031023
1986,-0.034081
1987,-0.034186
1988,-0.032196
1989,-0.038122
1990,-0.042131
1991,-0.045233
1992,-0.038046
1993,-0.039233
1994,-0.041344
1995,-0.04316
1996,-0.043087
1997,-0.041709
1998,-0.037426
1999,-0.033399
2000,-0.034069
2001,-0.034511
2002,-0.030154
2003,-0.025162
2004,-0.027016
2005,-0.035908
2006,-0.038151
2007,-0.046176
2008,-0.052023
2009,-0.058666
2010,-0.051152
2011,-0.049695
2012,-0.052344
2013,-0.053751
2014,-0.056002
2015,-0.062241
2016,-0.063275
2017,-0.055173
2018,-0.055111
2019,-0.059778
2020,-0.062304
2021,-0.054968
2022,-0.049882
2023,-0.049369
2024,-0.052236
2025,-0.05386
2026,-0.06253
2027,-0.067384
2028,-0.069791
2029,-0.081208
2030,-0.0768
2031,-0.073919
2032,-0.074603
2033,-0.073291
2034,-0.072182
2035,-0.069511
2036,-0.065921
2037,-0.064819
2038,-0.051972
2039,-0.054223
2040,-0.053588
2041,-0.054783
2042,-0.053249
2043,-0.054249
2044,-0.048083
2045,-0.052811
2046,-0.067041
2047,-0.066656
2048,-0.063355
2049,-0.056395
2050,-0.058853
2051,-0.058454
2052,-0.054318
2053,-0.053138
2054,-0.057199
2055,-0.058294
2056,-0.055625
2057,-0.052491
2058,-0.053475
2059,-0.054459
2060,-0.057368
2061,-0.051334
2062,-0.047739
2063,-0.047334
2064,-0.04943
2065,-0.042499
2066,-0.048219
2067,-0.047166
2068,-0.053464
2069,-0.048896
2070,-0.052494
2071,-0.053364
2072,-0.048077
2073,-0.04556
2074,-0.053715
2075,-0.061932
2076,-0.061261
2077,-0.056731
2078,-0.056293
2079,-0.062638
2080,-0.060765
2081,-0.05996
2082,-0.059444
2083,-0.057048
2084,-0.053748
2085,-0.055369
2086,-0.058686
2087,-0.066001
2088,-0.069915
2089,-0.074117
2090,-0.078905
2091,-0.071271
2092,-0.067669
2093,-0.073108
2094,-0.068993
2095,-0.05909
2096,-0.044913
2097,-0.042055
2098,-0.034087
2099,-0.036975
2100,-0.038064
2101,-0.037394
2102,-0.035693
2103,-0.034059
2104,-0.038835
2105,-0.035091
2106,-0.037108
2107,-0.040597
2108,-0.045287
2109,-0.046364
2110,-0.048107
2111,-0.056566
2112,-0.053208
2113,-0.05446
2114,-0.052015
2115,-0.044688
2116,-0.042701
2117,-0.042106
2118,-0.042382
2119,-0.050572
2120,-0.050791
2121,-0.057561
2122,-0.061332
2123,-0.066297
2124,-0.074077
2125,-0.066515
2126,-0.071098
2127,-0.077484
2128,-0.074755
2129,-0.073132
2130,-0.059921
2131,-0.059677
2132,-0.057751
2133,-0.055992
2134,-0.058263
2135,-0.051902
2136,-0.051436
2137,-0.058729
2138,-0.066757
2139,-0.074715
2140,-0.076614
2141,-0.075791
2142,-0.077811
2143,-0.080947
2144,-0.079542
2145,-0.089732
2146,-0.087435
2147,-0.088727
2148,-0.08327
2149,-0.087812
2150,-0.085813
2151,-0.077576
2152,-0.080022
2153,-0.078531
2154,-0.082136
2155,-0.081095
2156,-0.077271
2157,-0.082707
2158,-0.083783
2159,-0.079293
2160,-0.076041
2161,-0.070176
2162,-0.066118
2163,-0.069519
2164,-0.074305
2165,-0.072425
2166,-0.077137
2167,-0.089302
2168,-0.088566
2169,-0.080515
2170,-0.07242
2171,-0.066661
2172,-0.055559
2173,-0.056292
2174,-0.057762
2175,-0.05529
2176,-0.058271
2177,-0.060052
2178,-0.060479
2179,-0.055989
2180,-0.054087
2181,-0.050953
2182,-0.04627
2183,-0.047081
2184,-0.042196
2185,-0.032944
2186,-0.027999
2187,-0.025334
2188,-0.030994
2189,-0.0313
2190,-0.026922
2191,-0.02304
2192,-0.014533
2193,-0.0088975
2194,-0.0053373
2195,-0.010658
2196,-0.013498
2197,-0.0098083
2198,-0.0034835
2199,-0.0031264
2200,0.00017324
2201,0.0065014
2202,0.00983
2203,0.013233
2204,0.0091649
2205,0.008705
2206,0.014648
2207,0.022455
2208,0.029337
2209,0.034703
2210,0.033469
2211,0.031144
2212,0.031171
2213,0.037637
2214,0.033956
2215,0.030098
2216,0.018115
2217,0.0091965
2218,0.0039884
2219,-0.00028095
2220,0.0045226
2221,0.0039709
2222,0.001149
2223,-0.0012877
2224,-0.0028271
2225,-0.010674
2226,-0.012498
2227,-0.0065434
2228,-0.014785
2229,-0.014364
2230,-0.015465
2231,-0.023276
2232,-0.020185
2233,-0.021712
2234,-0.026552
2235,-0.027059
2236,-0.028908
2237,-0.024265
2238,-0.023214
2239,-0.019124
2240,-0.018879
2241,-0.017102
2242,-0.021076
2243,-0.024203
2244,-0.022791
2245,-0.022171
2246,-0.0242
2247,-0.026553
2248,-0.027835
2249,-0.024683
2250,-0.028603
2251,-0.02934
2252,-0.023069
2253,-0.027563
2254,-0.028385
2255,-0.025918
2256,-0.028711
2257,-0.030698
2258,-0.02729
2259,-0.018512
2260,-0.016661
2261,-0.014198
2262,-0.02033
2263,-0.02265
2264,-0.019304
2265,-0.020338
2266,-0.018838
2267,-0.020762
2268,-0.018895
2269,-0.015136
2270,-0.013872
2271,-0.012689
2272,-0.0086968
2273,-0.0019707
2274,-0.0045583
2275,-0.013815
2276,-0.0096844
2277,-0.0042613
2278,-0.012332
2279,-0.005011
2280,0.00387
2281,0.010505
2282,0.012744
2283,0.016725
2284,0.023814
2285,0.016796
2286,0.017693
2287,0.024129
2288,0.035038
2289,0.0393
2290,0.03631
2291,0.043076
2292,0.049454
2293,0.045509
2294,0.039331
2295,0.03722
2296,0.040618
2297,0.042595
2298,0.040554
2299,0.051327
2300,0.056142
2301,0.059838
2302,0.053108
2303,0.046409
2304,0.044344
2305,0.041243
2306,0.034323
2307,0.031266
2308,0.028865
2309,0.034678
2310,0.039284
2311,0.039425
2312,0.046522
2313,0.042134
2314,0.033738
2315,0.030353
2316,0.034359
2317,0.039501
2318,0.034583
2319,0.034146
2320,0.029174
2321,0.02816
2322,0.0317
2323,0.026067
2324,0.029286
2325,0.025998
2326,0.030569
2327,0.041099
2328,0.041162
2329,0.034313
2330,0.038574
2331,0.035975
2332,0.038325
2333,0.039594
2334,0.043723
2335,0.050092
2336,0.052073
2337,0.050172
2338,0.047286
2339,0.05327
2340,0.05694
2341,0.050913
2342,0.045849
2343,0.045787
2344,0.04921
2345,0.055896
2346,0.06541
2347,0.07176
2348,0.071888
2349,0.073209
2350,0.072045
2351,0.073352
2352,0.078764
2353,0.083523
2354,0.087908
2355,0.088322
2356,0.091674
2357,0.091703
2358,0.088717
2359,0.093509
2360,0.09368
2361,0.088938
2362,0.085148
2363,0.083206
2364,0.08358
2365,0.088652
2366,0.084462
2367,0.079918
2368,0.075465
2369,0.077847
2370,0.080993
2371,0.083832
2372,0.091393
2373,0.096338
2374,0.092541
2375,0.099717
2376,0.099768
2377,0.097016
2378,0.096003
2379,0.092961
2380,0.091467
2381,0.093803
2382,0.10311
2383,0.10189
2384,0.10397
2385,0.10597
2386,0.10737
2387,0.098241
2388,0.085349
2389,0.082861
2390,0.085465
2391,0.08576
2392,0.083199
2393,0.084098
2394,0.087173
2395,0.081634
2396,0.07625
2397,0.070603
2398,0.069523
2399,0.077314
2400,0.078709
2401,0.084114
2402,0.082357
2403,0.088899
2404,0.088369
2405,0.087138
2406,0.092011
2407,0.1046
2408,0.10448
2409,0.10205
2410,0.10511
2411,0.1076
2412,0.10785
2413,0.10718
2414,0.096743
2415,0.10632
2416,0.1042
2417,0.10898
2418,0.10657
2419,0.10731
2420,0.11117
2421,0.10681
2422,0.099447
2423,0.098999
2424,0.10141
2425,0.096633
2426,0.10076
2427,0.093005
2428,0.09049
2429,0.096099
2430,0.096155
2431,0.096403
2432,0.097265
2433,0.090633
2434,0.083074
2435,0.080491
2436,0.074275
2437,0.074011
2438,0.068548
2439,0.069485
2440,0.066241
2441,0.072849
2442,0.069965
2443,0.065748
2444,0.064472
2445,0.065242
2446,0.062701
2447,0.054625
2448,0.060918
2449,0.056873
2450,0.051979
2451,0.049094
2452,0.05768
2453,0.060905
2454,0.070115
2455,0.075916
2456,0.072623
2457,0.073885
2458,0.068658
2459,0.067498
2460,0.062304
2461,0.063102
2462,0.061597
2463,0.050195
2464,0.040691
2465,0.042758
2466,0.048132
2467,0.056656
2468,0.050983
2469,0.050456
2470,0.054295
2471,0.054007
2472,0.057606
2473,0.053389
2474,0.051041
2475,0.048932
2476,0.048276
2477,0.050766
2478,0.046468
2479,0.044347
2480,0.043805
2481,0.041088
2482,0.033831
2483,0.028656
2484,0.021464
2485,0.021352
2486,0.016567
2487,0.020274
2488,0.020483
2489,0.0291
2490,0.035559
2491,0.033427
2492,0.034784
2493,0.03705
2494,0.039588
2495,0.044799
2496,0.043565
2497,0.036344
2498,0.03843
2499,0.034956
2500,0.031928
2501,0.02996
2502,0.018701
2503,0.016505
2504,0.022768
2505,0.01997
2506,0.024815
2507,0.02782
2508,0.024239
2509,0.027689
2510,0.034637
2511,0.036172
2512,0.036495
2513,0.049715
2514,0.053976
2515,0.059035
2516,0.06478
2517,0.059365
2518,0.047292
2519,0.037936
2520,0.029135
2521,0.023352
2522,0.012434
2523,0.0094848
2524,0.012553
2525,0.0039659
2526,0.00029804
2527,-0.007897
2528,-0.0081624
2529,0.0011333
2530,0.0012283
2531,0.0036781
2532,0.0051888
2533,-0.00094934
2534,-0.007287
2535,-0.018841
2536,-0.013708
2537,-0.0031799
2538,-0.00058428
2539,-0.0041107
2540,-0.0058917
2541,-0.010939
2542,-0.012826
2543,-0.016061
2544,-0.015135
2545,-0.011474
2546,-0.011368
2547,-0.01718
2548,-0.018065
2549,-0.017479
2550,-0.019459
2551,-0.023353
2552,-0.028246
2553,-0.028088
2554,-0.030468
2555,-0.027586
2556,-0.026455
2557,-0.029817
2558,-0.018804
2559,-0.016937
2560,-0.01486
2561,-0.010552
2562,-0.0086191
2563,-0.0048456
2564,-0.0022803
2565,-0.0048197
2566,-0.0081055
2567,-0.0068168
2568,-0.0077511
2569,-0.014039
2570,-0.014477
2571,-0.022316
2572,-0.016077
2573,-0.016064
2574,-0.019418
2575,-0.018238
2576,-0.0071947
2577,-0.00040786
2578,-0.00047951
2579,-0.00047777
2580,-0.0057189
2581,-0.0066063
2582,-0.011511
2583,-0.0085361
2584,-0.014648
2585,-0.014895
2586,-0.0052707
2587,0.005768
2588,0.0068193
2589,0.0024516
2590,0.0059984
2591,0.0024704
2592,-0.0017466
2593,-0.0048703
2594,0.0013226
2595,0.0045612
2596,0.0048942
2597,0.0098829
2598,0.0023593
2599,0.003875
2600,-0.0013027
2601,-0.0037625
2602,0.0055797
2603,0.0033085
2604,0.0071922
2605,0.0093256
2606,0.014226
2607,0.012807
2608,0.012125
2609,0.013698
2610,0.013211
2611,0.010232
2612,0.013123
2613,0.0069682
2614,0.00069822
2615,0.002718
2616,0.0055707
2617,0.005156
2618,0.0028192
2619,0.0012897
2620,0.001532
2621,-0.00041335
2622,-0.0067099
2623,-0.0036336
2624,-0.0059195
2625,-0.00039061
2626,-0.0016912
2627,-4.0511e-05
2628,0.0018939
2629,-0.0032951
2630,-0.011295
2631,-0.0095807
2632,-0.010237
2633,-0.0095414
2634,-0.015313
2635,-0.022017
2636,-0.02086
2637,-0.025607
2638,-0.03242
2639,-0.03372
2640,-0.026088
2641,-0.033655
2642,-0.038756
2643,-0.048702
2644,-0.052149
2645,-0.049167
2646,-0.042173
2647,-0.037125
2648,-0.034223
2649,-0.035223
2650,-0.029958
2651,-0.028277
2652,-0.032307
2653,-0.045234
2654,-0.053767
2655,-0.059451
2656,-0.054937
2657,-0.053017
2658,-0.058008
2659,-0.058411
2660,-0.053217
2661,-0.059689
2662,-0.062908
2663,-0.062343
2664,-0.063308
2665,-0.062954
2666,-0.064573
2667,-0.070832
2668,-0.071869
2669,-0.069159
2670,-0.065534
2671,-0.06393
2672,-0.066952
2673,-0.069076
2674,-0.063861
2675,-0.065961
2676,-0.075799
2677,-0.07873
2678,-0.082806
2679,-0.081748
2680,-0.07615
2681,-0.072265
2682,-0.067111
2683,-0.060912
2684,-0.063935
2685,-0.067241
2686,-0.075012
2687,-0.08135
2688,-0.090486
2689,-0.08881
2690,-0.094445
2691,-0.089674
2692,-0.093755
2693,-0.091548
2694,-0.082251
2695,-0.072736
2696,-0.065607
2697,-0.052835
2698,-0.048866
2699,-0.054016
2700,-0.054121
2701,-0.044786
2702,-0.047146
2703,-0.042451
2704,-0.048986
2705,-0.051102
2706,-0.047075
2707,-0.04596
2708,-0.043933
2709,-0.050697
2710,-0.044894
2711,-0.044525
2712,-0.042181
2713,-0.035396
2714,-0.032995
2715,-0.038932
2716,-0.031949
2717,-0.032049
2718,-0.02874
2719,-0.025622
2720,-0.026572
2721,-0.028774
2722,-0.034808
2723,-0.037155
2724,-0.040104
2725,-0.047464
2726,-0.041795
2727,-0.036625
2728,-0.035519
2729,-0.031477
2730,-0.026725
2731,-0.020546
2732,-0.018234
2733,-0.016268
2734,-0.0085257
2735,-0.011917
2736,-0.013325
2737,-0.02054
2738,-0.013837
2739,-0.013205
2740,-0.017199
2741,-0.018125
2742,-0.020807
2743,-0.022734
2744,-0.021508
2745,-0.017504
2746,-0.01838
2747,-0.027283
2748,-0.026194
2749,-0.016364
2750,-0.014722
2751,-0.020591
2752,-0.022315
2753,-0.024525
2754,-0.022537
2755,-0.027589
2756,-0.020457
2757,-0.021151
2758,-0.018767
2759,-0.015541
2760,-0.014114
2761,-0.012893
2762,-0.0052042
2763,0.0041811
2764,0.0041204
2765,0.0049979
2766,0.0036456
2767,0.0094222
2768,0.0046314
2769,0.0014565
2770,0.0045855
2771,0.0060302
2772,0.0021489
2773,-0.0016386
2774,-0.0026426
2775,0.0018168
2776,0.0080379
2777,0.012262
2778,0.0080274
2779,0.004528
2780,0.00069376
2781,9.811e-05
2782,-0.00099677
2783,-0.0017866
2784,0.0018161
2785,0.0023677
2786,-0.0025381
2787,-0.0044703
2788,-0.0070202
2789,-0.0094473
2790,-0.012812
2791,-0.0057887
2792,-0.0059203
2793,-0.0021108
2794,-0.0070612
2795,0.0012082
2796,-0.0034267
2797,-0.012082
2798,-0.0064495
2799,-0.0065488
2800,-0.0096829
2801,-0.017748
2802,-0.020421
2803,-0.022463
2804,-0.018591
2805,-0.019765
2806,-0.015502
2807,-0.018359
2808,-0.013016
2809,-0.0068076
2810,-0.0059212
2811,-0.0052088
2812,-0.0030482
2813,-0.0031279
2814,-0.0043254
2815,-0.010621
2816,-0.01312
2817,-0.01103
2818,0.00014092
2819,-0.0012928
2820,0.0083475
2821,0.01618
2822,0.017179
2823,0.020977
2824,0.025496
2825,0.032008
2826,0.029079
2827,0.025627
2828,0.027158
2829,0.033207
2830,0.026556
2831,0.031415
2832,0.039361
2833,0.034105
2834,0.033233
2835,0.027524
2836,0.015862
2837,0.013997
2838,0.012492
2839,0.019035
2840,0.014225
2841,0.01389
2842,0.012282
2843,0.012074
2844,0.013562
2845,0.012861
2846,0.0030168
2847,-0.0031561
2848,-0.0057272
2849,-0.0065584
2850,-0.0053369
2851,-0.0063276
2852,-0.0050442
2853,-0.00043069
2854,0.0086589
2855,0.00035643
2856,-0.0086661
2857,-0.020645
2858,-0.024005
2859,-0.021685
2860,-0.023381
2861,-0.015431
2862,-0.015686
2863,-0.020287
2864,-0.025547
2865,-0.03069
2866,-0.02892
2867,-0.024943
2868,-0.036285
2869,-0.037952
2870,-0.043012
2871,-0.043601
2872,-0.045755
2873,-0.048443
2874,-0.046806
2875,-0.045432
2876,-0.042144
2877,-0.039553
2878,-0.033275
2879,-0.02265
2880,-0.022441
2881,-0.014126
2882,-0.00063012
2883,0.01078
2884,0.010974
2885,0.020608
2886,0.030766
2887,0.030436
2888,0.029556
2889,0.02158
2890,0.028435
2891,0.026321
2892,0.033168
2893,0.041199
2894,0.038845
2895,0.039101
2896,0.038634
2897,0.038075
2898,0.03304
2899,0.032322
2900,0.024072
2901,0.021581
2902,0.014659
2903,0.0090732
2904,0.013316
2905,0.013308
2906,0.0074683
2907,0.00064984
2908,0.005244
2909,-0.0019715
2910,-0.00048792
2911,-0.0016742
2912,-0.010706
2913,-0.016155
2914,-0.023025
2915,-0.03065
2916,-0.026515
2917,-0.032965
2918,-0.041624
2919,-0.050526
2920,-0.048544
2921,-0.048727
2922,-0.046247
2923,-0.044776
2924,-0.037865
2925,-0.03468
2926,-0.037133
2927,-0.038127
2928,-0.03671
2929,-0.02815
2930,-0.021093
2931,-0.01902
2932,-0.02691
2933,-0.033877
2934,-0.032119
2935,-0.031614
2936,-0.035036
2937,-0.037324
2938,-0.038378
2939,-0.033405
2940,-0.030049
2941,-0.023148
2942,-0.026471
2943,-0.030248
2944,-0.030229
2945,-0.034069
2946,-0.035666
2947,-0.037172
2948,-0.028238
2949,-0.03323
2950,-0.033002
2951,-0.035809
2952,-0.034586
2953,-0.036324
2954,-0.034393
2955,-0.030584
2956,-0.024695
2957,-0.025037
2958,-0.02983
2959,-0.031097
2960,-0.036366
2961,-0.034185
2962,-0.036276
2963,-0.031856
2964,-0.034946
2965,-0.040112
2966,-0.046608
2967,-0.055898
2968,-0.058663
2969,-0.052274
2970,-0.047701
2971,-0.051113
2972,-0.057816
2973,-0.053445
2974,-0.050799
2975,-0.055709
2976,-0.058992
2977,-0.059085
2978,-0.057337
2979,-0.058751
2980,-0.059
2981,-0.053891
2982,-0.048418
2983,-0.048687
2984,-0.047152
2985,-0.041577
2986,-0.036651
2987,-0.030529
2988,-0.032808
2989,-0.029718
2990,-0.031627
2991,-0.034635
2992,-0.03964
2993,-0.048156
2994,-0.047833
2995,-0.045537
2996,-0.045963
2997,-0.040639
2998,-0.044257
2999,-0.036723
3000,-0.032501
3001,-0.028766
3002,-0.026947
3003,-0.023441
3004,-0.014033
3005,-0.0090996
3006,-0.0055361
3007,-0.0095054
3008,-0.008675
3009,-0.012837
3010,-0.016878
3011,-0.016551
3012,-0.0081096
3013,-0.012188
3014,-0.012079
3015,-0.0055802
3016,-0.0062526
3017,-0.0039994
3018,-0.0030013
3019,-0.0063975
3020,-0.013527
3021,-0.012084
3022,-0.01582
3023,-0.015757
3024,-0.015288
3025,-0.015378
3026,-0.018029
3027,-0.014531
3028,-0.017717
3029,-0.012184
3030,-0.011452
3031,-0.020621
3032,-0.026282
3033,-0.027607
3034,-0.024047
3035,-0.027868
3036,-0.03326
3037,-0.036287
3038,-0.03757
3039,-0.034359
3040,-0.032285
3041,-0.029714
3042,-0.03236
3043,-0.032915
3044,-0.038599
3045,-0.036068
3046,-0.031749
3047,-0.028437
3048,-0.027066
3049,-0.030765
3050,-0.038859
3051,-0.044846
3052,-0.047751
3053,-0.047072
3054,-0.047429
3055,-0.043472
3056,-0.031713
3057,-0.022789
3058,-0.02376
3059,-0.026246
3060,-0.030662
3061,-0.044106
3062,-0.044107
3063,-0.052261
3064,-0.053657
3065,-0.05659
3066,-0.057
3067,-0.057466
3068,-0.054475
3069,-0.047486
3070,-0.043318
3071,-0.041311
3072,-0.047826
3073,-0.043833
3074,-0.039526
3075,-0.034492
3076,-0.035103
3077,-0.03785
3078,-0.041184
3079,-0.039317
3080,-0.032223
3081,-0.030535
3082,-0.02383
3083,-0.019227
3084,-0.011561
3085,-0.0025732
3086,0.00033517
3087,-0.009133
3088,-0.011402
3089,-0.01306
3090,-0.011174
3091,-0.012464
3092,-0.014295
3093,-0.0094426
3094,-0.0072495
3095,-0.00020068
3096,-0.0088854
3097,-0.019772
3098,-0.021511
3099,-0.024223
3100,-0.020286
3101,-0.024571
3102,-0.025886
3103,-0.019324
3104,-0.015386
3105,-0.0086659
3106,-0.0086186
3107,-0.0057444
3108,-0.008009
3109,-0.0099964
3110,-0.0075937
3111,-0.011049
3112,-0.0066113
3113,-0.0075357
3114,-0.0057372
3115,0.002704
3116,0.0015355
3117,0.0050089
3118,0.0072904
3119,0.012522
3120,0.018201
3121,0.020479
3122,0.02225
3123,0.031794
3124,0.035764
3125,0.029142
3126,0.029925
3127,0.036677
3128,0.032823
3129,0.027891
3130,0.02321
3131,0.014821
3132,0.0090649
3133,0.013986
3134,0.012132
3135,0.01208
3136,0.017055
3137,0.015597
3138,0.011582
3139,0.012891
3140,0.016091
3141,0.012626
3142,0.0107
3143,0.011543
3144,0.010395
3145,0.0095982
3146,0.0074322
3147,0.013553
3148,0.021784
3149,0.022811
3150,0.020808
3151,0.017472
3152,0.01228
3153,0.011498
3154,0.0099028
3155,0.0080659
3156,0.011788
3157,0.01894
3158,0.020913
3159,0.021269
3160,0.026372
3161,0.0264
3162,0.027365
3163,0.026511
3164,0.025026
3165,0.022458
3166,0.02257
3167,0.023241
3168,0.022927
3169,0.028473
3170,0.020807
3171,0.028225
3172,0.028206
3173,0.029296
3174,0.030563
3175,0.029998
3176,0.03216
3177,0.027887
3178,0.017839
3179,0.021144
3180,0.015136
3181,0.0053108
3182,-0.0065513
3183,-0.0068277
3184,-0.0060738
3185,-0.0096329
3186,-0.0076856
3187,-0.0092389
3188,-0.0048758
3189,-0.008027
3190,-0.007795
3191,-0.011591
3192,-0.016393
3193,-0.026732
3194,-0.024797
3195,-0.020054
3196,-0.01462
3197,-0.011108
3198,-0.0087981
3199,-0.015892
3200,-0.01671
3201,-0.015783
3202,-0.017534
3203,-0.013602
3204,-0.015348
3205,-0.018931
3206,-0.016869
3207,-0.019018
3208,-0.019421
3209,-0.013394
3210,-0.0064482
3211,-0.00026001
3212,0.0050732
3213,-0.00049736
3214,-5.216e-05
3215,0.0025125
3216,-0.0003685
3217,-0.0011555
3218,-0.010355
3219,-0.012984
3220,-0.017702
3221,-0.030611
3222,-0.026735
3223,-0.023445
3224,-0.019425
3225,-0.01994
3226,-0.017192
3227,-0.010087
3228,-0.0043689
3229,-0.0027408
3230,-0.0017706
3231,0.0054247
3232,0.005806
3233,0.00011815
3234,-0.0023956
3235,-0.0077188
3236,-0.0011813
3237,0.0029395
3238,-0.0065221
3239,-0.0061957
3240,-0.0099749
3241,-0.0021703
3242,0.0056908
3243,0.0093177
3244,-0.0028541
3245,-0.0058416
3246,-0.0049633
3247,-0.0038816
3248,0.0076049
3249,0.013775
3250,0.017425
3251,0.014416
3252,0.017556
3253,0.020286
3254,0.026782
3255,0.02811
3256,0.035925
3257,0.040171
3258,0.042361
3259,0.032403
3260,0.034661
3261,0.038105
3262,0.042482
3263,0.04651
3264,0.047291
3265,0.049662
3266,0.050633
3267,0.053768
3268,0.056666
3269,0.053384
3270,0.051482
3271,0.05719
3272,0.058511
3273,0.066572
3274,0.07174
3275,0.077556
3276,0.0848
3277,0.089508
3278,0.087427
3279,0.085562
3280,0.083469
3281,0.083318
3282,0.084313
3283,0.081311
3284,0.07279
3285,0.067379
3286,0.062346
3287,0.06022
3288,0.062281
3289,0.062603
3290,0.069166
3291,0.078414
3292,0.077104
3293,0.075602
3294,0.074238
3295,0.079751
3296,0.081215
3297,0.074473
3298,0.074833
3299,0.071773
3300,0.067014
3301,0.076881
3302,0.08179
3303,0.082751
3304,0.073744
3305,0.06601
3306,0.059136
3307,0.052308
3308,0.059674
3309,0.059584
3310,0.058143
3311,0.057239
3312,0.04902
3313,0.052988
3314,0.056169
3315,0.056163
3316,0.055247
3317,0.059975
3318,0.066443
3319,0.069145
3320,0.07109
3321,0.076273
3322,0.074207
3323,0.068922
3324,0.074728
3325,0.081956
3326,0.087337
3327,0.094662
3328,0.10366
3329,0.10514
3330,0.1048
3331,0.10186
3332,0.10524
3333,0.11045
3334,0.11047
3335,0.10725
3336,0.10256
3337,0.10962
3338,0.10797
3339,0.11181
3340,0.11126
3341,0.11014
3342,0.10184
3343,0.099218
3344,0.095272
3345,0.096
3346,0.091865
3347,0.089456
3348,0.094777
3349,0.093091
3350,0.092105
3351,0.092689
3352,0.093284
3353,0.09301
3354,0.09475
3355,0.099568
3356,0.1048
3357,0.10266
3358,0.099799
3359,0.097279
3360,0.10992
3361,0.11321
3362,0.11239
3363,0.11141
3364,0.10755
3365,0.099589
3366,0.10146
3367,0.091167
3368,0.086727
3369,0.082995
3370,0.073903
3371,0.076947
3372,0.076438
3373,0.072639
3374,0.068282
3375,0.066653
3376,0.071932
3377,0.081634
3378,0.081809
3379,0.075924
3380,0.075411
3381,0.077853
3382,0.072161
3383,0.072857
3384,0.065559
3385,0.067824
3386,0.065838
3387,0.060331
3388,0.059982
3389,0.061241
3390,0.059996
3391,0.045555
3392,0.038333
3393,0.030963
3394,0.021453
3395,0.024928
3396,0.021812
3397,0.028271
3398,0.025871
3399,0.026175
3400,0.024711
3401,0.020442
3402,0.025138
3403,0.032598
3404,0.032486
3405,0.042805
3406,0.051554
3407,0.046884
3408,0.051884
3409,0.052425
3410,0.051023
3411,0.040643
3412,0.038991
3413,0.038496
3414,0.038585
3415,0.040696
3416,0.035619
3417,0.037849
3418,0.039729
3419,0.032637
3420,0.029492
3421,0.029915
3422,0.029451
3423,0.020525
3424,0.020432
3425,0.022441
3426,0.020297
3427,0.018155
3428,0.011975
3429,0.017558
3430,0.017112
3431,0.017965
3432,0.02188
3433,0.020462
3434,0.0169
3435,0.014863
3436,0.0098006
3437,0.018273
3438,0.017417
3439,0.020724
3440,0.019956
3441,0.018842
3442,0.017737
3443,0.01233
3444,0.0025123
3445,0.0024575
3446,0.005994
3447,0.010987
3448,0.001423
3449,0.0041146
3450,0.0033062
3451,0.011346
3452,0.019875
3453,0.020827
3454,0.025384
3455,0.023844
3456,0.028452
3457,0.026948
3458,0.022573
3459,0.017121
3460,0.023722
3461,0.026831
3462,0.020543
3463,0.024644
3464,0.025855
3465,0.019699
3466,0.021745
3467,0.022127
3468,0.025228
3469,0.024811
3470,0.019173
3471,0.024527
3472,0.02133
3473,0.020809
3474,0.023702
3475,0.018408
3476,0.017704
3477,0.013401
3478,0.011707
3479,0.0033861
3480,0.001082
3481,0.0047506
3482,-0.0020686
3483,-0.003424
3484,-0.0010536
3485,-0.0034649
3486,-0.0042161
3487,-0.0034644
3488,-0.003968
3489,-0.0085992
3490,-0.0054815
3491,-0.0070761
3492,-0.015079
3493,-0.01959
3494,-0.022901
3495,-0.027698
3496,-0.029195
3497,-0.032647
3498,-0.03484
3499,-0.034582
3500,-0.027063
3501,-0.025083
3502,-0.028307
3503,-0.033345
3504,-0.035876
3505,-0.035603
3506,-0.035624
3507,-0.037655
3508,-0.038915
3509,-0.034289
3510,-0.029817
3511,-0.035696
3512,-0.039056
3513,-0.042097
3514,-0.035247
3515,-0.04602
3516,-0.045401
3517,-0.048014
3518,-0.052705
3519,-0.048523
3520,-0.052852
3521,-0.060367
3522,-0.05564
3523,-0.052267
3524,-0.062141
3525,-0.065027
3526,-0.064489
3527,-0.062842
3528,-0.065104
3529,-0.065581
3530,-0.070592
3531,-0.07172
3532,-0.071024
3533,-0.062796
3534,-0.068533
3535,-0.070795
3536,-0.072298
3537,-0.0653
3538,-0.063557
3539,-0.063903
3540,-0.067844
3541,-0.059483
3542,-0.056915
3543,-0.053362
3544,-0.044332
3545,-0.049587
3546,-0.050209
3547,-0.048747
3548,-0.051452
3549,-0.05204
3550,-0.05811
3551,-0.063456
3552,-0.072174
3553,-0.072932
3554,-0.062623
3555,-0.058188
3556,-0.052061
3557,-0.048838
3558,-0.050087
3559,-0.046195
3560,-0.044878
3561,-0.046211
3562,-0.042487
3563,-0.041926
3564,-0.043878
3565,-0.041562
3566,-0.040475
3567,-0.039983
3568,-0.043021
3569,-0.040959
3570,-0.043657
3571,-0.041868
3572,-0.046052
3573,-0.044421
3574,-0.043613
3575,-0.040405
3576,-0.038171
3577,-0.035358
3578,-0.033055
3579,-0.040662
3580,-0.041347
3581,-0.040266
3582,-0.045156
3583,-0.040717
3584,-0.040514
3585,-0.043566
3586,-0.041631
3587,-0.035555
3588,-0.043066
3589,-0.047844
3590,-0.047366
3591,-0.04857
3592,-0.050212
3593,-0.055308
3594,-0.050802
3595,-0.043663
3596,-0.036689
3597,-0.036577
3598,-0.031286
3599,-0.027474
